Workbook

Sheet Sheet1
A1: NHẬT KÝ VẬN HÀNH LỌC BỤI MÔI TRƯỜNG C4
A2: Từ 07 đến 08 tháng 01 năm 2026
A3: KÍP | C3: Khu vực: Trạm lọc bụi C4
B4: Hạng mục | C4: Góc mở cửa gió | D4: Nhiệt độ | K4: Áp suất | O4: Độ rung | S4: Dòng điện
B5: Trị số | D5: Cuộn dây | G5: Gối đỡ động cơ | I5: Gối đỡ quạt gió | K5: Đầu vào | L5: Đầu ra | M5: Áp suất tui khí | N5: Áp suất nước tuần hoàn | O5: Gối đỡ quạt gió
D6: Pha A | E6: Pha B | F6: Pha C | G6: Trước | H6: Sau | I6: Trước | J6: Sau | O6: Trước X | P6: Trước Y | Q6: Sau X | R6: Sau Y
B7: h | C7: % | D7: oC | E7: oC | F7: oC | G7: oC | H7: oC | I7: oC | J7: oC | K7: KPa | L7: KPa | M7: KPa | N7: Kpa | O7: mm/s | P7: mm/s | Q7: mm/s | R7: mm/s | S7: A
B8: 0.33333333 | C8: =OFFSET(Sheet2!$E$6,0,ROW(A1)-1) -> 0 | D8: =OFFSET(Sheet2!$E$7,0,ROW(A1)-1) -> 0 | E8: =OFFSET(Sheet2!$E$8,0,ROW(A1)-1) -> 0 | F8: =OFFSET(Sheet2!$E$9,0,ROW(A1)-1) -> 0 | G8: =OFFSET(Sheet2!$E$10,0,ROW(A1)-1) -> 0 | H8: =OFFSET(Sheet2!$E$11,0,ROW(A1)-1) -> 0 | I8: =OFFSET(Sheet2!$E$12,0,ROW(A1)-1) -> 0 | J8: =OFFSET(Sheet2!$E$13,0,ROW(A1)-1) -> 0 | K8: =OFFSET(Sheet2!$E$14,0,ROW(A1)-1) -> 0 | L8: =OFFSET(Sheet2!$E$15,0,ROW(A1)-1) -> 0 | M8: =OFFSET(Sheet2!$E$16,0,ROW(A1)-1) -> 0 | N8: =OFFSET(Sheet2!$E$17,0,ROW(A1)-1) -> 0 | O8: =OFFSET(Sheet2!$E$18,0,ROW(A1)-1) -> 0 | P8: =OFFSET(Sheet2!$E$19,0,ROW(A1)-1) -> 0 | Q8: =OFFSET(Sheet2!$E$20,0,ROW(A1)-1) -> 0 | R8: =OFFSET(Sheet2!$E$21,0,ROW(A1)-1) -> 0 | S8: =OFFSET(Sheet2!$E$22,0,ROW(A1)-1) -> 0
B9: 0.375 | C9: =OFFSET(Sheet2!$E$6,0,ROW(A2)-1) -> 0 | D9: =OFFSET(Sheet2!$E$7,0,ROW(A2)-1) -> 0 | E9: =OFFSET(Sheet2!$E$8,0,ROW(A2)-1) -> 0 | F9: =OFFSET(Sheet2!$E$9,0,ROW(A2)-1) -> 0 | G9: =OFFSET(Sheet2!$E$10,0,ROW(A2)-1) -> 0 | H9: =OFFSET(Sheet2!$E$11,0,ROW(A2)-1) -> 0 | I9: =OFFSET(Sheet2!$E$12,0,ROW(A2)-1) -> 0 | J9: =OFFSET(Sheet2!$E$13,0,ROW(A2)-1) -> 0 | K9: =OFFSET(Sheet2!$E$14,0,ROW(A2)-1) -> 0 | L9: =OFFSET(Sheet2!$E$15,0,ROW(A2)-1) -> 0 | M9: =OFFSET(Sheet2!$E$16,0,ROW(A2)-1) -> 0 | N9: =OFFSET(Sheet2!$E$17,0,ROW(A2)-1) -> 0 | O9: =OFFSET(Sheet2!$E$18,0,ROW(A2)-1) -> 0 | P9: =OFFSET(Sheet2!$E$19,0,ROW(A2)-1) -> 0 | Q9: =OFFSET(Sheet2!$E$20,0,ROW(A2)-1) -> 0 | R9: =OFFSET(Sheet2!$E$21,0,ROW(A2)-1) -> 0 | S9: =OFFSET(Sheet2!$E$22,0,ROW(A2)-1) -> 0
B10: 0.41666667 | C10: =OFFSET(Sheet2!$E$6,0,ROW(A3)-1) -> 0 | D10: =OFFSET(Sheet2!$E$7,0,ROW(A3)-1) -> 0 | E10: =OFFSET(Sheet2!$E$8,0,ROW(A3)-1) -> 0 | F10: =OFFSET(Sheet2!$E$9,0,ROW(A3)-1) -> 0 | G10: =OFFSET(Sheet2!$E$10,0,ROW(A3)-1) -> 0 | H10: =OFFSET(Sheet2!$E$11,0,ROW(A3)-1) -> 0 | I10: =OFFSET(Sheet2!$E$12,0,ROW(A3)-1) -> 0 | J10: =OFFSET(Sheet2!$E$13,0,ROW(A3)-1) -> 0 | K10: =OFFSET(Sheet2!$E$14,0,ROW(A3)-1) -> 0 | L10: =OFFSET(Sheet2!$E$15,0,ROW(A3)-1) -> 0 | M10: =OFFSET(Sheet2!$E$16,0,ROW(A3)-1) -> 0 | N10: =OFFSET(Sheet2!$E$17,0,ROW(A3)-1) -> 0 | O10: =OFFSET(Sheet2!$E$18,0,ROW(A3)-1) -> 0 | P10: =OFFSET(Sheet2!$E$19,0,ROW(A3)-1) -> 0 | Q10: =OFFSET(Sheet2!$E$20,0,ROW(A3)-1) -> 0 | R10: =OFFSET(Sheet2!$E$21,0,ROW(A3)-1) -> 0 | S10: =OFFSET(Sheet2!$E$22,0,ROW(A3)-1) -> 0
B11: 0.45833333 | C11: =OFFSET(Sheet2!$E$6,0,ROW(A4)-1) -> 0 | D11: =OFFSET(Sheet2!$E$7,0,ROW(A4)-1) -> 0 | E11: =OFFSET(Sheet2!$E$8,0,ROW(A4)-1) -> 0 | F11: =OFFSET(Sheet2!$E$9,0,ROW(A4)-1) -> 0 | G11: =OFFSET(Sheet2!$E$10,0,ROW(A4)-1) -> 0 | H11: =OFFSET(Sheet2!$E$11,0,ROW(A4)-1) -> 0 | I11: =OFFSET(Sheet2!$E$12,0,ROW(A4)-1) -> 0 | J11: =OFFSET(Sheet2!$E$13,0,ROW(A4)-1) -> 0 | K11: =OFFSET(Sheet2!$E$14,0,ROW(A4)-1) -> 0 | L11: =OFFSET(Sheet2!$E$15,0,ROW(A4)-1) -> 0 | M11: =OFFSET(Sheet2!$E$16,0,ROW(A4)-1) -> 0 | N11: =OFFSET(Sheet2!$E$17,0,ROW(A4)-1) -> 0 | O11: =OFFSET(Sheet2!$E$18,0,ROW(A4)-1) -> 0 | P11: =OFFSET(Sheet2!$E$19,0,ROW(A4)-1) -> 0 | Q11: =OFFSET(Sheet2!$E$20,0,ROW(A4)-1) -> 0 | R11: =OFFSET(Sheet2!$E$21,0,ROW(A4)-1) -> 0 | S11: =OFFSET(Sheet2!$E$22,0,ROW(A4)-1) -> 0
B12: 0.5 | C12: =OFFSET(Sheet2!$E$6,0,ROW(A5)-1) -> 0 | D12: =OFFSET(Sheet2!$E$7,0,ROW(A5)-1) -> 0 | E12: =OFFSET(Sheet2!$E$8,0,ROW(A5)-1) -> 0 | F12: =OFFSET(Sheet2!$E$9,0,ROW(A5)-1) -> 0 | G12: =OFFSET(Sheet2!$E$10,0,ROW(A5)-1) -> 0 | H12: =OFFSET(Sheet2!$E$11,0,ROW(A5)-1) -> 0 | I12: =OFFSET(Sheet2!$E$12,0,ROW(A5)-1) -> 0 | J12: =OFFSET(Sheet2!$E$13,0,ROW(A5)-1) -> 0 | K12: =OFFSET(Sheet2!$E$14,0,ROW(A5)-1) -> 0 | L12: =OFFSET(Sheet2!$E$15,0,ROW(A5)-1) -> 0 | M12: =OFFSET(Sheet2!$E$16,0,ROW(A5)-1) -> 0 | N12: =OFFSET(Sheet2!$E$17,0,ROW(A5)-1) -> 0 | O12: =OFFSET(Sheet2!$E$18,0,ROW(A5)-1) -> 0 | P12: =OFFSET(Sheet2!$E$19,0,ROW(A5)-1) -> 0 | Q12: =OFFSET(Sheet2!$E$20,0,ROW(A5)-1) -> 0 | R12: =OFFSET(Sheet2!$E$21,0,ROW(A5)-1) -> 0 | S12: =OFFSET(Sheet2!$E$22,0,ROW(A5)-1) -> 0
B13: 0.54166667 | C13: =OFFSET(Sheet2!$E$6,0,ROW(A6)-1) -> 0 | D13: =OFFSET(Sheet2!$E$7,0,ROW(A6)-1) -> 0 | E13: =OFFSET(Sheet2!$E$8,0,ROW(A6)-1) -> 0 | F13: =OFFSET(Sheet2!$E$9,0,ROW(A6)-1) -> 0 | G13: =OFFSET(Sheet2!$E$10,0,ROW(A6)-1) -> 0 | H13: =OFFSET(Sheet2!$E$11,0,ROW(A6)-1) -> 0 | I13: =OFFSET(Sheet2!$E$12,0,ROW(A6)-1) -> 0 | J13: =OFFSET(Sheet2!$E$13,0,ROW(A6)-1) -> 0 | K13: =OFFSET(Sheet2!$E$14,0,ROW(A6)-1) -> 0 | L13: =OFFSET(Sheet2!$E$15,0,ROW(A6)-1) -> 0 | M13: =OFFSET(Sheet2!$E$16,0,ROW(A6)-1) -> 0 | N13: =OFFSET(Sheet2!$E$17,0,ROW(A6)-1) -> 0 | O13: =OFFSET(Sheet2!$E$18,0,ROW(A6)-1) -> 0 | P13: =OFFSET(Sheet2!$E$19,0,ROW(A6)-1) -> 0 | Q13: =OFFSET(Sheet2!$E$20,0,ROW(A6)-1) -> 0 | R13: =OFFSET(Sheet2!$E$21,0,ROW(A6)-1) -> 0 | S13: =OFFSET(Sheet2!$E$22,0,ROW(A6)-1) -> 0
B14: 0.58333333 | C14: =OFFSET(Sheet2!$E$6,0,ROW(A7)-1) -> 0 | D14: =OFFSET(Sheet2!$E$7,0,ROW(A7)-1) -> 0 | E14: =OFFSET(Sheet2!$E$8,0,ROW(A7)-1) -> 0 | F14: =OFFSET(Sheet2!$E$9,0,ROW(A7)-1) -> 0 | G14: =OFFSET(Sheet2!$E$10,0,ROW(A7)-1) -> 0 | H14: =OFFSET(Sheet2!$E$11,0,ROW(A7)-1) -> 0 | I14: =OFFSET(Sheet2!$E$12,0,ROW(A7)-1) -> 0 | J14: =OFFSET(Sheet2!$E$13,0,ROW(A7)-1) -> 0 | K14: =OFFSET(Sheet2!$E$14,0,ROW(A7)-1) -> 0 | L14: =OFFSET(Sheet2!$E$15,0,ROW(A7)-1) -> 0 | M14: =OFFSET(Sheet2!$E$16,0,ROW(A7)-1) -> 0 | N14: =OFFSET(Sheet2!$E$17,0,ROW(A7)-1) -> 0 | O14: =OFFSET(Sheet2!$E$18,0,ROW(A7)-1) -> 0 | P14: =OFFSET(Sheet2!$E$19,0,ROW(A7)-1) -> 0 | Q14: =OFFSET(Sheet2!$E$20,0,ROW(A7)-1) -> 0 | R14: =OFFSET(Sheet2!$E$21,0,ROW(A7)-1) -> 0 | S14: =OFFSET(Sheet2!$E$22,0,ROW(A7)-1) -> 0
B15: 0.625 | C15: =OFFSET(Sheet2!$E$6,0,ROW(A8)-1) -> 0 | D15: =OFFSET(Sheet2!$E$7,0,ROW(A8)-1) -> 0 | E15: =OFFSET(Sheet2!$E$8,0,ROW(A8)-1) -> 0 | F15: =OFFSET(Sheet2!$E$9,0,ROW(A8)-1) -> 0 | G15: =OFFSET(Sheet2!$E$10,0,ROW(A8)-1) -> 0 | H15: =OFFSET(Sheet2!$E$11,0,ROW(A8)-1) -> 0 | I15: =OFFSET(Sheet2!$E$12,0,ROW(A8)-1) -> 0 | J15: =OFFSET(Sheet2!$E$13,0,ROW(A8)-1) -> 0 | K15: =OFFSET(Sheet2!$E$14,0,ROW(A8)-1) -> 0 | L15: =OFFSET(Sheet2!$E$15,0,ROW(A8)-1) -> 0 | M15: =OFFSET(Sheet2!$E$16,0,ROW(A8)-1) -> 0 | N15: =OFFSET(Sheet2!$E$17,0,ROW(A8)-1) -> 0 | O15: =OFFSET(Sheet2!$E$18,0,ROW(A8)-1) -> 0 | P15: =OFFSET(Sheet2!$E$19,0,ROW(A8)-1) -> 0 | Q15: =OFFSET(Sheet2!$E$20,0,ROW(A8)-1) -> 0 | R15: =OFFSET(Sheet2!$E$21,0,ROW(A8)-1) -> 0 | S15: =OFFSET(Sheet2!$E$22,0,ROW(A8)-1) -> 0
B16: 0.66666667 | C16: =OFFSET(Sheet2!$E$6,0,ROW(A9)-1) -> 0 | D16: =OFFSET(Sheet2!$E$7,0,ROW(A9)-1) -> 0 | E16: =OFFSET(Sheet2!$E$8,0,ROW(A9)-1) -> 0 | F16: =OFFSET(Sheet2!$E$9,0,ROW(A9)-1) -> 0 | G16: =OFFSET(Sheet2!$E$10,0,ROW(A9)-1) -> 0 | H16: =OFFSET(Sheet2!$E$11,0,ROW(A9)-1) -> 0 | I16: =OFFSET(Sheet2!$E$12,0,ROW(A9)-1) -> 0 | J16: =OFFSET(Sheet2!$E$13,0,ROW(A9)-1) -> 0 | K16: =OFFSET(Sheet2!$E$14,0,ROW(A9)-1) -> 0 | L16: =OFFSET(Sheet2!$E$15,0,ROW(A9)-1) -> 0 | M16: =OFFSET(Sheet2!$E$16,0,ROW(A9)-1) -> 0 | N16: =OFFSET(Sheet2!$E$17,0,ROW(A9)-1) -> 0 | O16: =OFFSET(Sheet2!$E$18,0,ROW(A9)-1) -> 0 | P16: =OFFSET(Sheet2!$E$19,0,ROW(A9)-1) -> 0 | Q16: =OFFSET(Sheet2!$E$20,0,ROW(A9)-1) -> 0 | R16: =OFFSET(Sheet2!$E$21,0,ROW(A9)-1) -> 0 | S16: =OFFSET(Sheet2!$E$22,0,ROW(A9)-1) -> 0
B17: 0.70833333 | C17: =OFFSET(Sheet2!$E$6,0,ROW(A10)-1) -> 0 | D17: =OFFSET(Sheet2!$E$7,0,ROW(A10)-1) -> 0 | E17: =OFFSET(Sheet2!$E$8,0,ROW(A10)-1) -> 0 | F17: =OFFSET(Sheet2!$E$9,0,ROW(A10)-1) -> 0 | G17: =OFFSET(Sheet2!$E$10,0,ROW(A10)-1) -> 0 | H17: =OFFSET(Sheet2!$E$11,0,ROW(A10)-1) -> 0 | I17: =OFFSET(Sheet2!$E$12,0,ROW(A10)-1) -> 0 | J17: =OFFSET(Sheet2!$E$13,0,ROW(A10)-1) -> 0 | K17: =OFFSET(Sheet2!$E$14,0,ROW(A10)-1) -> 0 | L17: =OFFSET(Sheet2!$E$15,0,ROW(A10)-1) -> 0 | M17: =OFFSET(Sheet2!$E$16,0,ROW(A10)-1) -> 0 | N17: =OFFSET(Sheet2!$E$17,0,ROW(A10)-1) -> 0 | O17: =OFFSET(Sheet2!$E$18,0,ROW(A10)-1) -> 0 | P17: =OFFSET(Sheet2!$E$19,0,ROW(A10)-1) -> 0 | Q17: =OFFSET(Sheet2!$E$20,0,ROW(A10)-1) -> 0 | R17: =OFFSET(Sheet2!$E$21,0,ROW(A10)-1) -> 0 | S17: =OFFSET(Sheet2!$E$22,0,ROW(A10)-1) -> 0
B18: 0.75 | C18: =OFFSET(Sheet2!$E$6,0,ROW(A11)-1) -> 0 | D18: =OFFSET(Sheet2!$E$7,0,ROW(A11)-1) -> 0 | E18: =OFFSET(Sheet2!$E$8,0,ROW(A11)-1) -> 0 | F18: =OFFSET(Sheet2!$E$9,0,ROW(A11)-1) -> 0 | G18: =OFFSET(Sheet2!$E$10,0,ROW(A11)-1) -> 0 | H18: =OFFSET(Sheet2!$E$11,0,ROW(A11)-1) -> 0 | I18: =OFFSET(Sheet2!$E$12,0,ROW(A11)-1) -> 0 | J18: =OFFSET(Sheet2!$E$13,0,ROW(A11)-1) -> 0 | K18: =OFFSET(Sheet2!$E$14,0,ROW(A11)-1) -> 0 | L18: =OFFSET(Sheet2!$E$15,0,ROW(A11)-1) -> 0 | M18: =OFFSET(Sheet2!$E$16,0,ROW(A11)-1) -> 0 | N18: =OFFSET(Sheet2!$E$17,0,ROW(A11)-1) -> 0 | O18: =OFFSET(Sheet2!$E$18,0,ROW(A11)-1) -> 0 | P18: =OFFSET(Sheet2!$E$19,0,ROW(A11)-1) -> 0 | Q18: =OFFSET(Sheet2!$E$20,0,ROW(A11)-1) -> 0 | R18: =OFFSET(Sheet2!$E$21,0,ROW(A11)-1) -> 0 | S18: =OFFSET(Sheet2!$E$22,0,ROW(A11)-1) -> 0
B19: 0.79166667 | C19: =OFFSET(Sheet2!$E$6,0,ROW(A12)-1) -> 0 | D19: =OFFSET(Sheet2!$E$7,0,ROW(A12)-1) -> 0 | E19: =OFFSET(Sheet2!$E$8,0,ROW(A12)-1) -> 0 | F19: =OFFSET(Sheet2!$E$9,0,ROW(A12)-1) -> 0 | G19: =OFFSET(Sheet2!$E$10,0,ROW(A12)-1) -> 0 | H19: =OFFSET(Sheet2!$E$11,0,ROW(A12)-1) -> 0 | I19: =OFFSET(Sheet2!$E$12,0,ROW(A12)-1) -> 0 | J19: =OFFSET(Sheet2!$E$13,0,ROW(A12)-1) -> 0 | K19: =OFFSET(Sheet2!$E$14,0,ROW(A12)-1) -> 0 | L19: =OFFSET(Sheet2!$E$15,0,ROW(A12)-1) -> 0 | M19: =OFFSET(Sheet2!$E$16,0,ROW(A12)-1) -> 0 | N19: =OFFSET(Sheet2!$E$17,0,ROW(A12)-1) -> 0 | O19: =OFFSET(Sheet2!$E$18,0,ROW(A12)-1) -> 0 | P19: =OFFSET(Sheet2!$E$19,0,ROW(A12)-1) -> 0 | Q19: =OFFSET(Sheet2!$E$20,0,ROW(A12)-1) -> 0 | R19: =OFFSET(Sheet2!$E$21,0,ROW(A12)-1) -> 0 | S19: =OFFSET(Sheet2!$E$22,0,ROW(A12)-1) -> 0
... B31: 1.2916667 | C31: =OFFSET(Sheet2!$E$6,0,ROW(A24)-1) -> 0 | D31: =OFFSET(Sheet2!$E$7,0,ROW(A24)-1) -> 0 | E31: =OFFSET(Sheet2!$E$8,0,ROW(A24)-1) -> 0 | F31: =OFFSET(Sheet2!$E$9,0,ROW(A24)-1) -> 0 | G31: =OFFSET(Sheet2!$E$10,0,ROW(A24)-1) -> 0 | H31: =OFFSET(Sheet2!$E$11,0,ROW(A24)-1) -> 0 | I31: =OFFSET(Sheet2!$E$12,0,ROW(A24)-1) -> 0 | J31: =OFFSET(Sheet2!$E$13,0,ROW(A24)-1) -> 0 | K31: =OFFSET(Sheet2!$E$14,0,ROW(A24)-1) -> 0 | L31: =OFFSET(Sheet2!$E$15,0,ROW(A24)-1) -> 0 | M31: =OFFSET(Sheet2!$E$16,0,ROW(A24)-1) -> 0 | N31: =OFFSET(Sheet2!$E$17,0,ROW(A24)-1) -> 0 | O31: =OFFSET(Sheet2!$E$18,0,ROW(A24)-1) -> 0 | P31: =OFFSET(Sheet2!$E$19,0,ROW(A24)-1) -> 0 | Q31: =OFFSET(Sheet2!$E$20,0,ROW(A24)-1) -> 0 | R31: =OFFSET(Sheet2!$E$21,0,ROW(A24)-1) -> 0 | S31: =OFFSET(Sheet2!$E$22,0,ROW(A24)-1) -> 0
A32: Ghi chú:………………………………………………………………………………………………………………………………………………………………………………………………………………………
A33: 08h00 - 20h00 | C33: Người nhận kíp | L33: Người giao kíp
C34: Tổ trưởng/phó | L34: Tổ trưởng/phó
C35: NV vận hành | L35: NV vận hành
A37: 1/1

Sheet Sheet2
R1: BM.03/HD.05.62-19
E2: NHẬT KÝ VẬN HÀNH LỌC BỤI MÔI TRƯỜNG | R2: Ngày hiệu lực: 10/10/2023
R4: Ngày ……tháng…..năm ….
A5: Vị trí đo/ Thời gian | D5: Kí hiệu | E5: 0.33333333 | F5: 0.375 | G5: 0.41666667 | H5: 0.45833333 | I5: 0.5 | J5: 0.54166667 | K5: 0.58333333 | L5: 0.625 | M5: 0.66666667 | N5: 0.70833333 | O5: 0.75 | P5: 0.79166667 | Q5: 0.83333333 | R5: 0.875 | S5: 0.91666667 | T5: 0.95833333 | U5: 0 | V5: 0.041666667 | W5: 0.083333333 | X5: 0.125 | Y5: 0.16666667 | Z5: 0.20833333 | AA5: 0.25 | AB5: 0.29166667
B6: GÓC MỞ VAN CỬA GIÓ | D6: C4_KI101_CV
B7: NHIỆT ĐỘ | C7: Nhiệt độ cuộn dây pha A | D7: C4_TE105_CV
C8: Nhiệt độ cuộn dây pha B | D8: C4_TE106_CV
C9: Nhiệt độ cuộn dây pha C | D9: C4_TE107_CV
C10: Nhiệt độ gối đỡ phía trước động cơ | D10: C4_TE103_CV
C11: Nhiệt độ gối đỡ phía sau động cơ | D11: C4_TE104_CV
C12: Nhiệt độ gối đỡ phía trước quạt | D12: C4_TE101_CV
C13: Nhiệt đô gối đỡ phía sau quạt | D13: C4_TE102_CV
B14: ÁP SUẤT | C14: Áp suất đầu vào | D14: C4_PT101_CV
C15: Áp suất đầu ra | D15: C4_PT102_CV
C16: Áp suất túi khí | D16: C4_PT103_CV
C17: Áp suất nước tuần hoàn | D17: C4_PT104_CV
B18: ĐỘ RUNG | C18: Độ rung gối đỡ phía trước quạt | D18: C4_VT101_CV
C19: Độ rung gối đỡ phía sau quạt | D19: C4_VT102_CV
C20: Độ rung gối đỡ phía trước động cơ | D20: C4_VT103_CV
C21: Độ rung gối đỡ phía sau động cơ | D21: C4_VT104_CV
B22: DÒNG | D22: C4_G101_PA_CV
