Workbook

Sheet Sheet1
S1: BM.03/HD.05.62-19
F2: NHẬT KÝ VẬN HÀNH LỌC BỤI ĐA ỐNG VÊ VIÊN SỐ 02 | S2: Ngày hiệu lực: 10/10/2023
S4: Ngày ……tháng…..năm ….
A5: Hạng mục | B5: Góc mở cửa gió | C5: Tần số | D5: Nhiệt độ oC | J5: Áp suất | M5: Độ rung | Q5: Công suất | R5: Dòng điện | S5: Hê thống dầu | V5: Bàn giao công việc (nếu có)
A6: Trị số | D6: Đầu khói vào | E6: Cuộn dây | F6: Gối đỡ động cơ | H6: Gối đỡ quạt | J6: Đầu vào | K6: Đầu ra | L6: Chênh áp | M6: Gối đỡ động cơ | O6: Gối đỡ quạt | S6: Áp suất | T6: Mức dầu | U6: Nhiệt độ dầu
F7: Trước | G7: Sau | H7: Trước | I7: Sau | M7: Trước | N7: Sau | O7: Trước | P7: Sau
A8: Giờ | B8: % | C8: Hz | D8: oC | E8: oC | F8: oC | G8: oC | H8: oC | I8: oC | J8: KPa | K8: KPa | L8: Kpa | M8: MM/S | N8: MM/S | O8: MM/S | P8: MM/S | Q8: KW | R8: A | S8: Kpa | T8: mm | U8: oC
A9: 0.35416667 | B9: =Sheet2!E6 -> 0 | C9: =Sheet2!E7 -> 0 | D9: =Sheet2!E8 -> 0 | E9: =Sheet2!E9 -> 0 | F9: =OFFSET(Sheet2!$E$10,0,ROW(A1)-1) -> 0 | G9: =OFFSET(Sheet2!$E$11,0,ROW(A1)-1) -> 0 | H9: =OFFSET(Sheet2!$E$12,0,ROW(A1)-1) -> 0 | I9: =OFFSET(Sheet2!$E$13,0,ROW(A1)-1) -> 0 | J9: =OFFSET(Sheet2!$E$14,0,ROW(A1)-1) -> 0 | K9: =OFFSET(Sheet2!$E$15,0,ROW(A1)-1) -> 0 | L9: =OFFSET(Sheet2!$E$16,0,ROW(A1)-1) -> 0 | M9: =OFFSET(Sheet2!$E$17,0,ROW(A1)-1) -> 0 | N9: =OFFSET(Sheet2!$E$18,0,ROW(A1)-1) -> 0 | O9: =OFFSET(Sheet2!$E$19,0,ROW(A1)-1) -> 0 | P9: =OFFSET(Sheet2!$E$20,0,ROW(A1)-1) -> 0 | Q9: =OFFSET(Sheet2!$E$21,0,ROW(A1)-1) -> 0 | R9: =OFFSET(Sheet2!$E$22,0,ROW(A1)-1) -> 0 | S9: =OFFSET(Sheet2!$E$23,0,ROW(A1)-1) -> 0
A10: 0.39583333 | B10: =Sheet2!F6 -> 0 | C10: =Sheet2!F7 -> 0 | D10: =Sheet2!F8 -> 0 | E10: =Sheet2!F9 -> 0 | F10: =OFFSET(Sheet2!$E$10,0,ROW(A2)-1) -> 0 | G10: =OFFSET(Sheet2!$E$11,0,ROW(A2)-1) -> 0 | H10: =OFFSET(Sheet2!$E$12,0,ROW(A2)-1) -> 0 | I10: =OFFSET(Sheet2!$E$13,0,ROW(A2)-1) -> 0 | J10: =OFFSET(Sheet2!$E$14,0,ROW(A2)-1) -> 0 | K10: =OFFSET(Sheet2!$E$15,0,ROW(A2)-1) -> 0 | L10: =OFFSET(Sheet2!$E$16,0,ROW(A2)-1) -> 0 | M10: =OFFSET(Sheet2!$E$17,0,ROW(A2)-1) -> 0 | N10: =OFFSET(Sheet2!$E$18,0,ROW(A2)-1) -> 0 | O10: =OFFSET(Sheet2!$E$19,0,ROW(A2)-1) -> 0 | P10: =OFFSET(Sheet2!$E$20,0,ROW(A2)-1) -> 0 | Q10: =OFFSET(Sheet2!$E$21,0,ROW(A2)-1) -> 0 | R10: =OFFSET(Sheet2!$E$22,0,ROW(A2)-1) -> 0 | S10: =OFFSET(Sheet2!$E$23,0,ROW(A2)-1) -> 0
A11: 0.4375 | B11: =Sheet2!G6 -> 0 | C11: =Sheet2!G7 -> 0 | D11: =Sheet2!G8 -> 0 | E11: =Sheet2!G9 -> 0 | F11: =OFFSET(Sheet2!$E$10,0,ROW(A3)-1) -> 0 | G11: =OFFSET(Sheet2!$E$11,0,ROW(A3)-1) -> 0 | H11: =OFFSET(Sheet2!$E$12,0,ROW(A3)-1) -> 0 | I11: =OFFSET(Sheet2!$E$13,0,ROW(A3)-1) -> 0 | J11: =OFFSET(Sheet2!$E$14,0,ROW(A3)-1) -> 0 | K11: =OFFSET(Sheet2!$E$15,0,ROW(A3)-1) -> 0 | L11: =OFFSET(Sheet2!$E$16,0,ROW(A3)-1) -> 0 | M11: =OFFSET(Sheet2!$E$17,0,ROW(A3)-1) -> 0 | N11: =OFFSET(Sheet2!$E$18,0,ROW(A3)-1) -> 0 | O11: =OFFSET(Sheet2!$E$19,0,ROW(A3)-1) -> 0 | P11: =OFFSET(Sheet2!$E$20,0,ROW(A3)-1) -> 0 | Q11: =OFFSET(Sheet2!$E$21,0,ROW(A3)-1) -> 0 | R11: =OFFSET(Sheet2!$E$22,0,ROW(A3)-1) -> 0 | S11: =OFFSET(Sheet2!$E$23,0,ROW(A3)-1) -> 0
A12: 0.47916667 | B12: =Sheet2!H6 -> 0 | C12: =Sheet2!H7 -> 0 | D12: =Sheet2!H8 -> 0 | E12: =Sheet2!H9 -> 0 | F12: =OFFSET(Sheet2!$E$10,0,ROW(A4)-1) -> 0 | G12: =OFFSET(Sheet2!$E$11,0,ROW(A4)-1) -> 0 | H12: =OFFSET(Sheet2!$E$12,0,ROW(A4)-1) -> 0 | I12: =OFFSET(Sheet2!$E$13,0,ROW(A4)-1) -> 0 | J12: =OFFSET(Sheet2!$E$14,0,ROW(A4)-1) -> 0 | K12: =OFFSET(Sheet2!$E$15,0,ROW(A4)-1) -> 0 | L12: =OFFSET(Sheet2!$E$16,0,ROW(A4)-1) -> 0 | M12: =OFFSET(Sheet2!$E$17,0,ROW(A4)-1) -> 0 | N12: =OFFSET(Sheet2!$E$18,0,ROW(A4)-1) -> 0 | O12: =OFFSET(Sheet2!$E$19,0,ROW(A4)-1) -> 0 | P12: =OFFSET(Sheet2!$E$20,0,ROW(A4)-1) -> 0 | Q12: =OFFSET(Sheet2!$E$21,0,ROW(A4)-1) -> 0 | R12: =OFFSET(Sheet2!$E$22,0,ROW(A4)-1) -> 0 | S12: =OFFSET(Sheet2!$E$23,0,ROW(A4)-1) -> 0
A13: 0.52083333 | B13: =Sheet2!I6 -> 0 | C13: =Sheet2!I7 -> 0 | D13: =Sheet2!I8 -> 0 | E13: =Sheet2!I9 -> 0 | F13: =OFFSET(Sheet2!$E$10,0,ROW(A5)-1) -> 0 | G13: =OFFSET(Sheet2!$E$11,0,ROW(A5)-1) -> 0 | H13: =OFFSET(Sheet2!$E$12,0,ROW(A5)-1) -> 0 | I13: =OFFSET(Sheet2!$E$13,0,ROW(A5)-1) -> 0 | J13: =OFFSET(Sheet2!$E$14,0,ROW(A5)-1) -> 0 | K13: =OFFSET(Sheet2!$E$15,0,ROW(A5)-1) -> 0 | L13: =OFFSET(Sheet2!$E$16,0,ROW(A5)-1) -> 0 | M13: =OFFSET(Sheet2!$E$17,0,ROW(A5)-1) -> 0 | N13: =OFFSET(Sheet2!$E$18,0,ROW(A5)-1) -> 0 | O13: =OFFSET(Sheet2!$E$19,0,ROW(A5)-1) -> 0 | P13: =OFFSET(Sheet2!$E$20,0,ROW(A5)-1) -> 0 | Q13: =OFFSET(Sheet2!$E$21,0,ROW(A5)-1) -> 0 | R13: =OFFSET(Sheet2!$E$22,0,ROW(A5)-1) -> 0 | S13: =OFFSET(Sheet2!$E$23,0,ROW(A5)-1) -> 0
A14: 0.5625 | B14: =Sheet2!J6 -> 0 | C14: =Sheet2!J7 -> 0 | D14: =Sheet2!J8 -> 0 | E14: =Sheet2!J9 -> 0 | F14: =OFFSET(Sheet2!$E$10,0,ROW(A6)-1) -> 0 | G14: =OFFSET(Sheet2!$E$11,0,ROW(A6)-1) -> 0 | H14: =OFFSET(Sheet2!$E$12,0,ROW(A6)-1) -> 0 | I14: =OFFSET(Sheet2!$E$13,0,ROW(A6)-1) -> 0 | J14: =OFFSET(Sheet2!$E$14,0,ROW(A6)-1) -> 0 | K14: =OFFSET(Sheet2!$E$15,0,ROW(A6)-1) -> 0 | L14: =OFFSET(Sheet2!$E$16,0,ROW(A6)-1) -> 0 | M14: =OFFSET(Sheet2!$E$17,0,ROW(A6)-1) -> 0 | N14: =OFFSET(Sheet2!$E$18,0,ROW(A6)-1) -> 0 | O14: =OFFSET(Sheet2!$E$19,0,ROW(A6)-1) -> 0 | P14: =OFFSET(Sheet2!$E$20,0,ROW(A6)-1) -> 0 | Q14: =OFFSET(Sheet2!$E$21,0,ROW(A6)-1) -> 0 | R14: =OFFSET(Sheet2!$E$22,0,ROW(A6)-1) -> 0 | S14: =OFFSET(Sheet2!$E$23,0,ROW(A6)-1) -> 0
A15: 0.60416667 | B15: =Sheet2!K6 -> 0 | C15: =Sheet2!K7 -> 0 | D15: =Sheet2!K8 -> 0 | E15: =Sheet2!K9 -> 0 | F15: =OFFSET(Sheet2!$E$10,0,ROW(A7)-1) -> 0 | G15: =OFFSET(Sheet2!$E$11,0,ROW(A7)-1) -> 0 | H15: =OFFSET(Sheet2!$E$12,0,ROW(A7)-1) -> 0 | I15: =OFFSET(Sheet2!$E$13,0,ROW(A7)-1) -> 0 | J15: =OFFSET(Sheet2!$E$14,0,ROW(A7)-1) -> 0 | K15: =OFFSET(Sheet2!$E$15,0,ROW(A7)-1) -> 0 | L15: =OFFSET(Sheet2!$E$16,0,ROW(A7)-1) -> 0 | M15: =OFFSET(Sheet2!$E$17,0,ROW(A7)-1) -> 0 | N15: =OFFSET(Sheet2!$E$18,0,ROW(A7)-1) -> 0 | O15: =OFFSET(Sheet2!$E$19,0,ROW(A7)-1) -> 0 | P15: =OFFSET(Sheet2!$E$20,0,ROW(A7)-1) -> 0 | Q15: =OFFSET(Sheet2!$E$21,0,ROW(A7)-1) -> 0 | R15: =OFFSET(Sheet2!$E$22,0,ROW(A7)-1) -> 0 | S15: =OFFSET(Sheet2!$E$23,0,ROW(A7)-1) -> 0
A16: 0.64583333 | B16: =Sheet2!L6 -> 0 | C16: =Sheet2!L7 -> 0 | D16: =Sheet2!L8 -> 0 | E16: =Sheet2!L9 -> 0 | F16: =OFFSET(Sheet2!$E$10,0,ROW(A8)-1) -> 0 | G16: =OFFSET(Sheet2!$E$11,0,ROW(A8)-1) -> 0 | H16: =OFFSET(Sheet2!$E$12,0,ROW(A8)-1) -> 0 | I16: =OFFSET(Sheet2!$E$13,0,ROW(A8)-1) -> 0 | J16: =OFFSET(Sheet2!$E$14,0,ROW(A8)-1) -> 0 | K16: =OFFSET(Sheet2!$E$15,0,ROW(A8)-1) -> 0 | L16: =OFFSET(Sheet2!$E$16,0,ROW(A8)-1) -> 0 | M16: =OFFSET(Sheet2!$E$17,0,ROW(A8)-1) -> 0 | N16: =OFFSET(Sheet2!$E$18,0,ROW(A8)-1) -> 0 | O16: =OFFSET(Sheet2!$E$19,0,ROW(A8)-1) -> 0 | P16: =OFFSET(Sheet2!$E$20,0,ROW(A8)-1) -> 0 | Q16: =OFFSET(Sheet2!$E$21,0,ROW(A8)-1) -> 0 | R16: =OFFSET(Sheet2!$E$22,0,ROW(A8)-1) -> 0 | S16: =OFFSET(Sheet2!$E$23,0,ROW(A8)-1) -> 0
A17: 0.6875 | B17: =Sheet2!M6 -> 0 | C17: =Sheet2!M7 -> 0 | D17: =Sheet2!M8 -> 0 | E17: =Sheet2!M9 -> 0 | F17: =OFFSET(Sheet2!$E$10,0,ROW(A9)-1) -> 0 | G17: =OFFSET(Sheet2!$E$11,0,ROW(A9)-1) -> 0 | H17: =OFFSET(Sheet2!$E$12,0,ROW(A9)-1) -> 0 | I17: =OFFSET(Sheet2!$E$13,0,ROW(A9)-1) -> 0 | J17: =OFFSET(Sheet2!$E$14,0,ROW(A9)-1) -> 0 | K17: =OFFSET(Sheet2!$E$15,0,ROW(A9)-1) -> 0 | L17: =OFFSET(Sheet2!$E$16,0,ROW(A9)-1) -> 0 | M17: =OFFSET(Sheet2!$E$17,0,ROW(A9)-1) -> 0 | N17: =OFFSET(Sheet2!$E$18,0,ROW(A9)-1) -> 0 | O17: =OFFSET(Sheet2!$E$19,0,ROW(A9)-1) -> 0 | P17: =OFFSET(Sheet2!$E$20,0,ROW(A9)-1) -> 0 | Q17: =OFFSET(Sheet2!$E$21,0,ROW(A9)-1) -> 0 | R17: =OFFSET(Sheet2!$E$22,0,ROW(A9)-1) -> 0 | S17: =OFFSET(Sheet2!$E$23,0,ROW(A9)-1) -> 0
A18: 0.72916667 | B18: =Sheet2!N6 -> 0 | C18: =Sheet2!N7 -> 0 | D18: =Sheet2!N8 -> 0 | E18: =Sheet2!N9 -> 0 | F18: =OFFSET(Sheet2!$E$10,0,ROW(A10)-1) -> 0 | G18: =OFFSET(Sheet2!$E$11,0,ROW(A10)-1) -> 0 | H18: =OFFSET(Sheet2!$E$12,0,ROW(A10)-1) -> 0 | I18: =OFFSET(Sheet2!$E$13,0,ROW(A10)-1) -> 0 | J18: =OFFSET(Sheet2!$E$14,0,ROW(A10)-1) -> 0 | K18: =OFFSET(Sheet2!$E$15,0,ROW(A10)-1) -> 0 | L18: =OFFSET(Sheet2!$E$16,0,ROW(A10)-1) -> 0 | M18: =OFFSET(Sheet2!$E$17,0,ROW(A10)-1) -> 0 | N18: =OFFSET(Sheet2!$E$18,0,ROW(A10)-1) -> 0 | O18: =OFFSET(Sheet2!$E$19,0,ROW(A10)-1) -> 0 | P18: =OFFSET(Sheet2!$E$20,0,ROW(A10)-1) -> 0 | Q18: =OFFSET(Sheet2!$E$21,0,ROW(A10)-1) -> 0 | R18: =OFFSET(Sheet2!$E$22,0,ROW(A10)-1) -> 0 | S18: =OFFSET(Sheet2!$E$23,0,ROW(A10)-1) -> 0
A19: 0.77083333 | B19: =Sheet2!O6 -> 0 | C19: =Sheet2!O7 -> 0 | D19: =Sheet2!O8 -> 0 | E19: =Sheet2!O9 -> 0 | F19: =OFFSET(Sheet2!$E$10,0,ROW(A11)-1) -> 0 | G19: =OFFSET(Sheet2!$E$11,0,ROW(A11)-1) -> 0 | H19: =OFFSET(Sheet2!$E$12,0,ROW(A11)-1) -> 0 | I19: =OFFSET(Sheet2!$E$13,0,ROW(A11)-1) -> 0 | J19: =OFFSET(Sheet2!$E$14,0,ROW(A11)-1) -> 0 | K19: =OFFSET(Sheet2!$E$15,0,ROW(A11)-1) -> 0 | L19: =OFFSET(Sheet2!$E$16,0,ROW(A11)-1) -> 0 | M19: =OFFSET(Sheet2!$E$17,0,ROW(A11)-1) -> 0 | N19: =OFFSET(Sheet2!$E$18,0,ROW(A11)-1) -> 0 | O19: =OFFSET(Sheet2!$E$19,0,ROW(A11)-1) -> 0 | P19: =OFFSET(Sheet2!$E$20,0,ROW(A11)-1) -> 0 | Q19: =OFFSET(Sheet2!$E$21,0,ROW(A11)-1) -> 0 | R19: =OFFSET(Sheet2!$E$22,0,ROW(A11)-1) -> 0 | S19: =OFFSET(Sheet2!$E$23,0,ROW(A11)-1) -> 0
A20: 0.8125 | B20: =Sheet2!P6 -> 0 | C20: =Sheet2!P7 -> 0 | D20: =Sheet2!P8 -> 0 | E20: =Sheet2!P9 -> 0 | F20: =OFFSET(Sheet2!$E$10,0,ROW(A12)-1) -> 0 | G20: =OFFSET(Sheet2!$E$11,0,ROW(A12)-1) -> 0 | H20: =OFFSET(Sheet2!$E$12,0,ROW(A12)-1) -> 0 | I20: =OFFSET(Sheet2!$E$13,0,ROW(A12)-1) -> 0 | J20: =OFFSET(Sheet2!$E$14,0,ROW(A12)-1) -> 0 | K20: =OFFSET(Sheet2!$E$15,0,ROW(A12)-1) -> 0 | L20: =OFFSET(Sheet2!$E$16,0,ROW(A12)-1) -> 0 | M20: =OFFSET(Sheet2!$E$17,0,ROW(A12)-1) -> 0 | N20: =OFFSET(Sheet2!$E$18,0,ROW(A12)-1) -> 0 | O20: =OFFSET(Sheet2!$E$19,0,ROW(A12)-1) -> 0 | P20: =OFFSET(Sheet2!$E$20,0,ROW(A12)-1) -> 0 | Q20: =OFFSET(Sheet2!$E$21,0,ROW(A12)-1) -> 0 | R20: =OFFSET(Sheet2!$E$22,0,ROW(A12)-1) -> 0 | S20: =OFFSET(Sheet2!$E$23,0,ROW(A12)-1) -> 0
A21: 0.85416667 | B21: =Sheet2!Q6 -> 0 | C21: =Sheet2!Q7 -> 0 | D21: =Sheet2!Q8 -> 0 | E21: =Sheet2!Q9 -> 0 | F21: =OFFSET(Sheet2!$E$10,0,ROW(A13)-1) -> 0 | G21: =OFFSET(Sheet2!$E$11,0,ROW(A13)-1) -> 0 | H21: =OFFSET(Sheet2!$E$12,0,ROW(A13)-1) -> 0 | I21: =OFFSET(Sheet2!$E$13,0,ROW(A13)-1) -> 0 | J21: =OFFSET(Sheet2!$E$14,0,ROW(A13)-1) -> 0 | K21: =OFFSET(Sheet2!$E$15,0,ROW(A13)-1) -> 0 | L21: =OFFSET(Sheet2!$E$16,0,ROW(A13)-1) -> 0 | M21: =OFFSET(Sheet2!$E$17,0,ROW(A13)-1) -> 0 | N21: =OFFSET(Sheet2!$E$18,0,ROW(A13)-1) -> 0 | O21: =OFFSET(Sheet2!$E$19,0,ROW(A13)-1) -> 0 | P21: =OFFSET(Sheet2!$E$20,0,ROW(A13)-1) -> 0 | Q21: =OFFSET(Sheet2!$E$21,0,ROW(A13)-1) -> 0 | R21: =OFFSET(Sheet2!$E$22,0,ROW(A13)-1) -> 0 | S21: =OFFSET(Sheet2!$E$23,0,ROW(A13)-1) -> 0
A22: 0.89583333 | B22: =Sheet2!R6 -> 0 | C22: =Sheet2!R7 -> 0 | D22: =Sheet2!R8 -> 0 | E22: =Sheet2!R9 -> 0 | F22: =OFFSET(Sheet2!$E$10,0,ROW(A14)-1) -> 0 | G22: =OFFSET(Sheet2!$E$11,0,ROW(A14)-1) -> 0 | H22: =OFFSET(Sheet2!$E$12,0,ROW(A14)-1) -> 0 | I22: =OFFSET(Sheet2!$E$13,0,ROW(A14)-1) -> 0 | J22: =OFFSET(Sheet2!$E$14,0,ROW(A14)-1) -> 0 | K22: =OFFSET(Sheet2!$E$15,0,ROW(A14)-1) -> 0 | L22: =OFFSET(Sheet2!$E$16,0,ROW(A14)-1) -> 0 | M22: =OFFSET(Sheet2!$E$17,0,ROW(A14)-1) -> 0 | N22: =OFFSET(Sheet2!$E$18,0,ROW(A14)-1) -> 0 | O22: =OFFSET(Sheet2!$E$19,0,ROW(A14)-1) -> 0 | P22: =OFFSET(Sheet2!$E$20,0,ROW(A14)-1) -> 0 | Q22: =OFFSET(Sheet2!$E$21,0,ROW(A14)-1) -> 0 | R22: =OFFSET(Sheet2!$E$22,0,ROW(A14)-1) -> 0 | S22: =OFFSET(Sheet2!$E$23,0,ROW(A14)-1) -> 0
A23: 0.9375 | B23: =Sheet2!S6 -> 0 | C23: =Sheet2!S7 -> 0 | D23: =Sheet2!S8 -> 0 | E23: =Sheet2!S9 -> 0 | F23: =OFFSET(Sheet2!$E$10,0,ROW(A15)-1) -> 0 | G23: =OFFSET(Sheet2!$E$11,0,ROW(A15)-1) -> 0 | H23: =OFFSET(Sheet2!$E$12,0,ROW(A15)-1) -> 0 | I23: =OFFSET(Sheet2!$E$13,0,ROW(A15)-1) -> 0 | J23: =OFFSET(Sheet2!$E$14,0,ROW(A15)-1) -> 0 | K23: =OFFSET(Sheet2!$E$15,0,ROW(A15)-1) -> 0 | L23: =OFFSET(Sheet2!$E$16,0,ROW(A15)-1) -> 0 | M23: =OFFSET(Sheet2!$E$17,0,ROW(A15)-1) -> 0 | N23: =OFFSET(Sheet2!$E$18,0,ROW(A15)-1) -> 0 | O23: =OFFSET(Sheet2!$E$19,0,ROW(A15)-1) -> 0 | P23: =OFFSET(Sheet2!$E$20,0,ROW(A15)-1) -> 0 | Q23: =OFFSET(Sheet2!$E$21,0,ROW(A15)-1) -> 0 | R23: =OFFSET(Sheet2!$E$22,0,ROW(A15)-1) -> 0 | S23: =OFFSET(Sheet2!$E$23,0,ROW(A15)-1) -> 0
A24: 0.97916667 | B24: =Sheet2!T6 -> 0 | C24: =Sheet2!T7 -> 0 | D24: =Sheet2!T8 -> 0 | E24: =Sheet2!T9 -> 0 | F24: =OFFSET(Sheet2!$E$10,0,ROW(A16)-1) -> 0 | G24: =OFFSET(Sheet2!$E$11,0,ROW(A16)-1) -> 0 | H24: =OFFSET(Sheet2!$E$12,0,ROW(A16)-1) -> 0 | I24: =OFFSET(Sheet2!$E$13,0,ROW(A16)-1) -> 0 | J24: =OFFSET(Sheet2!$E$14,0,ROW(A16)-1) -> 0 | K24: =OFFSET(Sheet2!$E$15,0,ROW(A16)-1) -> 0 | L24: =OFFSET(Sheet2!$E$16,0,ROW(A16)-1) -> 0 | M24: =OFFSET(Sheet2!$E$17,0,ROW(A16)-1) -> 0 | N24: =OFFSET(Sheet2!$E$18,0,ROW(A16)-1) -> 0 | O24: =OFFSET(Sheet2!$E$19,0,ROW(A16)-1) -> 0 | P24: =OFFSET(Sheet2!$E$20,0,ROW(A16)-1) -> 0 | Q24: =OFFSET(Sheet2!$E$21,0,ROW(A16)-1) -> 0 | R24: =OFFSET(Sheet2!$E$22,0,ROW(A16)-1) -> 0 | S24: =OFFSET(Sheet2!$E$23,0,ROW(A16)-1) -> 0
A25: 0.020833333 | B25: =Sheet2!U6 -> 0 | C25: =Sheet2!U7 -> 0 | D25: =Sheet2!U8 -> 0 | E25: =Sheet2!U9 -> 0 | F25: =OFFSET(Sheet2!$E$10,0,ROW(A17)-1) -> 0 | G25: =OFFSET(Sheet2!$E$11,0,ROW(A17)-1) -> 0 | H25: =OFFSET(Sheet2!$E$12,0,ROW(A17)-1) -> 0 | I25: =OFFSET(Sheet2!$E$13,0,ROW(A17)-1) -> 0 | J25: =OFFSET(Sheet2!$E$14,0,ROW(A17)-1) -> 0 | K25: =OFFSET(Sheet2!$E$15,0,ROW(A17)-1) -> 0 | L25: =OFFSET(Sheet2!$E$16,0,ROW(A17)-1) -> 0 | M25: =OFFSET(Sheet2!$E$17,0,ROW(A17)-1) -> 0 | N25: =OFFSET(Sheet2!$E$18,0,ROW(A17)-1) -> 0 | O25: =OFFSET(Sheet2!$E$19,0,ROW(A17)-1) -> 0 | P25: =OFFSET(Sheet2!$E$20,0,ROW(A17)-1) -> 0 | Q25: =OFFSET(Sheet2!$E$21,0,ROW(A17)-1) -> 0 | R25: =OFFSET(Sheet2!$E$22,0,ROW(A17)-1) -> 0 | S25: =OFFSET(Sheet2!$E$23,0,ROW(A17)-1) -> 0
A26: 0.0625 | B26: =Sheet2!V6 -> 0 | C26: =Sheet2!V7 -> 0 | D26: =Sheet2!V8 -> 0 | E26: =Sheet2!V9 -> 0 | F26: =OFFSET(Sheet2!$E$10,0,ROW(A18)-1) -> 0 | G26: =OFFSET(Sheet2!$E$11,0,ROW(A18)-1) -> 0 | H26: =OFFSET(Sheet2!$E$12,0,ROW(A18)-1) -> 0 | I26: =OFFSET(Sheet2!$E$13,0,ROW(A18)-1) -> 0 | J26: =OFFSET(Sheet2!$E$14,0,ROW(A18)-1) -> 0 | K26: =OFFSET(Sheet2!$E$15,0,ROW(A18)-1) -> 0 | L26: =OFFSET(Sheet2!$E$16,0,ROW(A18)-1) -> 0 | M26: =OFFSET(Sheet2!$E$17,0,ROW(A18)-1) -> 0 | N26: =OFFSET(Sheet2!$E$18,0,ROW(A18)-1) -> 0 | O26: =OFFSET(Sheet2!$E$19,0,ROW(A18)-1) -> 0 | P26: =OFFSET(Sheet2!$E$20,0,ROW(A18)-1) -> 0 | Q26: =OFFSET(Sheet2!$E$21,0,ROW(A18)-1) -> 0 | R26: =OFFSET(Sheet2!$E$22,0,ROW(A18)-1) -> 0 | S26: =OFFSET(Sheet2!$E$23,0,ROW(A18)-1) -> 0
A27: 0.10416667 | B27: =Sheet2!W6 -> 0 | C27: =Sheet2!W7 -> 0 | D27: =Sheet2!W8 -> 0 | E27: =Sheet2!W9 -> 0 | F27: =OFFSET(Sheet2!$E$10,0,ROW(A19)-1) -> 0 | G27: =OFFSET(Sheet2!$E$11,0,ROW(A19)-1) -> 0 | H27: =OFFSET(Sheet2!$E$12,0,ROW(A19)-1) -> 0 | I27: =OFFSET(Sheet2!$E$13,0,ROW(A19)-1) -> 0 | J27: =OFFSET(Sheet2!$E$14,0,ROW(A19)-1) -> 0 | K27: =OFFSET(Sheet2!$E$15,0,ROW(A19)-1) -> 0 | L27: =OFFSET(Sheet2!$E$16,0,ROW(A19)-1) -> 0 | M27: =OFFSET(Sheet2!$E$17,0,ROW(A19)-1) -> 0 | N27: =OFFSET(Sheet2!$E$18,0,ROW(A19)-1) -> 0 | O27: =OFFSET(Sheet2!$E$19,0,ROW(A19)-1) -> 0 | P27: =OFFSET(Sheet2!$E$20,0,ROW(A19)-1) -> 0 | Q27: =OFFSET(Sheet2!$E$21,0,ROW(A19)-1) -> 0 | R27: =OFFSET(Sheet2!$E$22,0,ROW(A19)-1) -> 0 | S27: =OFFSET(Sheet2!$E$23,0,ROW(A19)-1) -> 0
A28: 0.14583333 | B28: =Sheet2!X6 -> 0 | C28: =Sheet2!X7 -> 0 | D28: =Sheet2!X8 -> 0 | E28: =Sheet2!X9 -> 0 | F28: =OFFSET(Sheet2!$E$10,0,ROW(A20)-1) -> 0 | G28: =OFFSET(Sheet2!$E$11,0,ROW(A20)-1) -> 0 | H28: =OFFSET(Sheet2!$E$12,0,ROW(A20)-1) -> 0 | I28: =OFFSET(Sheet2!$E$13,0,ROW(A20)-1) -> 0 | J28: =OFFSET(Sheet2!$E$14,0,ROW(A20)-1) -> 0 | K28: =OFFSET(Sheet2!$E$15,0,ROW(A20)-1) -> 0 | L28: =OFFSET(Sheet2!$E$16,0,ROW(A20)-1) -> 0 | M28: =OFFSET(Sheet2!$E$17,0,ROW(A20)-1) -> 0 | N28: =OFFSET(Sheet2!$E$18,0,ROW(A20)-1) -> 0 | O28: =OFFSET(Sheet2!$E$19,0,ROW(A20)-1) -> 0 | P28: =OFFSET(Sheet2!$E$20,0,ROW(A20)-1) -> 0 | Q28: =OFFSET(Sheet2!$E$21,0,ROW(A20)-1) -> 0 | R28: =OFFSET(Sheet2!$E$22,0,ROW(A20)-1) -> 0 | S28: =OFFSET(Sheet2!$E$23,0,ROW(A20)-1) -> 0
A29: 0.1875 | B29: =Sheet2!Y6 -> 0 | C29: =Sheet2!Y7 -> 0 | D29: =Sheet2!Y8 -> 0 | E29: =Sheet2!Y9 -> 0 | F29: =OFFSET(Sheet2!$E$10,0,ROW(A21)-1) -> 0 | G29: =OFFSET(Sheet2!$E$11,0,ROW(A21)-1) -> 0 | H29: =OFFSET(Sheet2!$E$12,0,ROW(A21)-1) -> 0 | I29: =OFFSET(Sheet2!$E$13,0,ROW(A21)-1) -> 0 | J29: =OFFSET(Sheet2!$E$14,0,ROW(A21)-1) -> 0 | K29: =OFFSET(Sheet2!$E$15,0,ROW(A21)-1) -> 0 | L29: =OFFSET(Sheet2!$E$16,0,ROW(A21)-1) -> 0 | M29: =OFFSET(Sheet2!$E$17,0,ROW(A21)-1) -> 0 | N29: =OFFSET(Sheet2!$E$18,0,ROW(A21)-1) -> 0 | O29: =OFFSET(Sheet2!$E$19,0,ROW(A21)-1) -> 0 | P29: =OFFSET(Sheet2!$E$20,0,ROW(A21)-1) -> 0 | Q29: =OFFSET(Sheet2!$E$21,0,ROW(A21)-1) -> 0 | R29: =OFFSET(Sheet2!$E$22,0,ROW(A21)-1) -> 0 | S29: =OFFSET(Sheet2!$E$23,0,ROW(A21)-1) -> 0
A30: 0.22916667 | B30: =Sheet2!Z6 -> 0 | C30: =Sheet2!Z7 -> 0 | D30: =Sheet2!Z8 -> 0 | E30: =Sheet2!Z9 -> 0 | F30: =OFFSET(Sheet2!$E$10,0,ROW(A22)-1) -> 0 | G30: =OFFSET(Sheet2!$E$11,0,ROW(A22)-1) -> 0 | H30: =OFFSET(Sheet2!$E$12,0,ROW(A22)-1) -> 0 | I30: =OFFSET(Sheet2!$E$13,0,ROW(A22)-1) -> 0 | J30: =OFFSET(Sheet2!$E$14,0,ROW(A22)-1) -> 0 | K30: =OFFSET(Sheet2!$E$15,0,ROW(A22)-1) -> 0 | L30: =OFFSET(Sheet2!$E$16,0,ROW(A22)-1) -> 0 | M30: =OFFSET(Sheet2!$E$17,0,ROW(A22)-1) -> 0 | N30: =OFFSET(Sheet2!$E$18,0,ROW(A22)-1) -> 0 | O30: =OFFSET(Sheet2!$E$19,0,ROW(A22)-1) -> 0 | P30: =OFFSET(Sheet2!$E$20,0,ROW(A22)-1) -> 0 | Q30: =OFFSET(Sheet2!$E$21,0,ROW(A22)-1) -> 0 | R30: =OFFSET(Sheet2!$E$22,0,ROW(A22)-1) -> 0 | S30: =OFFSET(Sheet2!$E$23,0,ROW(A22)-1) -> 0
A31: 0.27083333 | B31: =Sheet2!AA6 -> 0 | C31: =Sheet2!AA7 -> 0 | D31: =Sheet2!AA8 -> 0 | E31: =Sheet2!AA9 -> 0 | F31: =OFFSET(Sheet2!$E$10,0,ROW(A23)-1) -> 0 | G31: =OFFSET(Sheet2!$E$11,0,ROW(A23)-1) -> 0 | H31: =OFFSET(Sheet2!$E$12,0,ROW(A23)-1) -> 0 | I31: =OFFSET(Sheet2!$E$13,0,ROW(A23)-1) -> 0 | J31: =OFFSET(Sheet2!$E$14,0,ROW(A23)-1) -> 0 | K31: =OFFSET(Sheet2!$E$15,0,ROW(A23)-1) -> 0 | L31: =OFFSET(Sheet2!$E$16,0,ROW(A23)-1) -> 0 | M31: =OFFSET(Sheet2!$E$17,0,ROW(A23)-1) -> 0 | N31: =OFFSET(Sheet2!$E$18,0,ROW(A23)-1) -> 0 | O31: =OFFSET(Sheet2!$E$19,0,ROW(A23)-1) -> 0 | P31: =OFFSET(Sheet2!$E$20,0,ROW(A23)-1) -> 0 | Q31: =OFFSET(Sheet2!$E$21,0,ROW(A23)-1) -> 0 | R31: =OFFSET(Sheet2!$E$22,0,ROW(A23)-1) -> 0 | S31: =OFFSET(Sheet2!$E$23,0,ROW(A23)-1) -> 0
A32: 0.3125 | B32: =Sheet2!AB6 -> 0 | C32: =Sheet2!AB7 -> 0 | D32: =Sheet2!AB8 -> 0 | E32: =Sheet2!AB9 -> 0 | F32: =OFFSET(Sheet2!$E$10,0,ROW(A24)-1) -> 0 | G32: =OFFSET(Sheet2!$E$11,0,ROW(A24)-1) -> 0 | H32: =OFFSET(Sheet2!$E$12,0,ROW(A24)-1) -> 0 | I32: =OFFSET(Sheet2!$E$13,0,ROW(A24)-1) -> 0 | J32: =OFFSET(Sheet2!$E$14,0,ROW(A24)-1) -> 0 | K32: =OFFSET(Sheet2!$E$15,0,ROW(A24)-1) -> 0 | L32: =OFFSET(Sheet2!$E$16,0,ROW(A24)-1) -> 0 | M32: =OFFSET(Sheet2!$E$17,0,ROW(A24)-1) -> 0 | N32: =OFFSET(Sheet2!$E$18,0,ROW(A24)-1) -> 0 | O32: =OFFSET(Sheet2!$E$19,0,ROW(A24)-1) -> 0 | P32: =OFFSET(Sheet2!$E$20,0,ROW(A24)-1) -> 0 | Q32: =OFFSET(Sheet2!$E$21,0,ROW(A24)-1) -> 0 | R32: =OFFSET(Sheet2!$E$22,0,ROW(A24)-1) -> 0 | S32: =OFFSET(Sheet2!$E$23,0,ROW(A24)-1) -> 0
A34: 8h00 – 20h00 | D34: Trưởng kíp | L34: 20h00 – 8h00 | O34: Trưởng kíp
D35: NV Vận hành | O35: NV Vận hành

Sheet Sheet2
S1: BM.03/HD.05.62-19
F2: NHẬT KÝ VẬN HÀNH LỌC BỤI ĐA ỐNG VÊ VIÊN SỐ 02 | S2: Ngày hiệu lực: 10/10/2023
S4: Ngày ……tháng…..năm ….
A5: Vị trí đo/ Thời gian | D5: Kí hiệu | E5: 0.33333333 | F5: 0.375 | G5: 0.41666667 | H5: 0.45833333 | I5: 0.5 | J5: 0.54166667 | K5: 0.58333333 | L5: 0.625 | M5: 0.66666667 | N5: 0.70833333 | O5: 0.75 | P5: 0.79166667 | Q5: 0.83333333 | R5: 0.875 | S5: 0.91666667 | T5: 0.95833333 | U5: 0 | V5: 0.041666667 | W5: 0.083333333 | X5: 0.125 | Y5: 0.16666667 | Z5: 0.20833333 | AA5: 0.25 | AB5: 0.29166667
A6: Góc mở cửa gió | D6: HZ1102M
A7: Tần số | D7: HI1102M
A8: Nhiệt độ oC | B8: Đầu khói vào | D8: TI1151M
B9: Cuộn dây | D9: TI1125aM
B10: Gối đỡ động cơ | C10: Trước | D10: TI1123M
C11: Sau | D11: TI1124M
B12: Gối đỡ quạt | C12: Trước | D12: TI1121M
C13: Sau | D13: TI1122M
A14: Áp suất | B14: Đầu vào | D14: PI1151M
B15: Đầu ra | D15: DF_PI1151M_PI1152M
B16: Chênh áp | D16: PI1152M
A17: Độ rung | B17: Gối đỡ động cơ | C17: Trước | D17: ZI1123M
C18: Sau | D18: ZI1124M
B19: Gối đỡ quạt | C19: Trước | D19: ZI1121aM
C20: Sau | D20: ZI1122aM
A21: Công suất | D21: Congsuat_II1102M
A22: Dòng điện | D22: II1102M
A23: Hê thống dầu | B23: Áp suất | D23: PI1104M
