Workbook

Sheet Sheet1
A3: NHẬT KÝ VẬN HÀNH NỒI HƠI ỐNG KHÓI VÀ QUẠT GIÓ LÀM MÁT VÒNG #1
A4: Từ …h …Ngày …tháng … năm …. Đến .…h Ngày …tháng … năm ….
A5: Kíp | B5: Thời gian | C5: Bao hơi ống khói | I5: Hơi chính bộ quá nhiệt ống khói | O5: Nước cấp nồi hơi áp suất cao | T5: Khí khói nóng đầu bộ quá nhiệt 1 | V5: Khí khói nóng đầu bộ quá nhiệt 2 | X5: Khí khói nóng đầu ra bộ TKT 1 | Z5: Khí khói nóng đầu ra bộ TKT 2 | AB5: Quạt tuần hoàn nồi hơi làm mát vòng
C6: Áp suất | D6: Mức nước trên | E6: Mức nước dưới | F6: SiO2 | G6: PH | H6: PO4 | I6: Áp suất | J6: Nhiệt độ | K6: Lưu lượng | L6: Fe | M6: SiO2 | N6: Na+ | O6: Áp suất | P6: Nhiệt độ cấp | Q6: Lưu lượng | R6: Nhiệt độ TKT | S6: Áp suất sau TKT | T6: Áp suất | U6: Nhiệt độ | V6: Nhiệt độ | W6: Áp suất | X6: Nhiệt độ | Y6: Áp suất | Z6: Nhiệt độ | AA6: Áp suất | AB6: Dòng điện | AC6: Tốc độ động cơ | AD6: Nhiệt độ gối trước động cơ | AE6: Nhiệt độ gối sau động cơ | AF6: Nhiệt độ cuộn dây pha A | AG6: Nhiệt độ cuộn dây pha B | AH6: Nhiệt độ cuộn dây pha C | AI6: Độ rung gối trước động cơ | AJ6: Độ rung gối sau động cơ | AK6: Nhiệt độ tủ biến tần | AL6: Nhiệt độ gối trước quạt | AM6: Nhiệt độ gối sau quạt | AN6: Độ rung gối trước bầu quạt (trục X) | AO6: Độ rung gối trước bầu quạt (trục Y) | AP6: Độ rung gối sau bầu quạt (trục X) | AQ6: Độ rung gối sau bầu quạt (trục Y)
C7: mpa | D7: mm | E7: mm | F7: mg | H7: mg | I7: mpa | J7: ºC | K7: m3/h | L7: mg/l | M7: mg/l | N7: mg/l | O7: mpa | P7: ºC | Q7: m3/h | R7: ºC | S7: mpa | T7: kpa | U7: ºC | V7: ºC | W7: kpa | X7: ºC | Z7: ºC | AA7: kpa | AB7: A | AC7: mrp/min | AD7: ºC | AE7: ºC | AF7: ºC | AG7: ºC | AH7: ºC | AI7: mm/s | AJ7: mm/s | AK7: ºC | AL7: ºC | AM7: ºC | AN7: mm/s | AO7: mm/s | AP7: mm/s | AQ7: mm/s
B8: 0.33333333 | C8: =OFFSET(Sheet2!$D$6,0,ROW(A1)-1) -> 0 | D8: =OFFSET(Sheet2!$D$7,0,ROW(A1)-1) -> 0 | E8: =OFFSET(Sheet2!$D$8,0,ROW(A1)-1) -> 0 | I8: =OFFSET(Sheet2!$D$9,0,ROW(A1)-1) -> 0 | J8: =OFFSET(Sheet2!$D$10,0,ROW(A1)-1) -> 0 | K8: =OFFSET(Sheet2!$D$11,0,ROW(A1)-1) -> 0 | O8: =OFFSET(Sheet2!$D$12,0,ROW(A1)-1) -> 0 | P8: =OFFSET(Sheet2!$D$13,0,ROW(A1)-1) -> 0 | Q8: =OFFSET(Sheet2!$D$14,0,ROW(A1)-1) -> 0 | R8: =OFFSET(Sheet2!$D$15,0,ROW(A1)-1) -> 0 | S8: =OFFSET(Sheet2!$D$16,0,ROW(A1)-1) -> 0 | T8: =OFFSET(Sheet2!$D$17,0,ROW(A1)-1) -> 0 | U8: =OFFSET(Sheet2!$D$18,0,ROW(A1)-1) -> 0 | V8: =OFFSET(Sheet2!$D$19,0,ROW(A1)-1) -> 0 | W8: =OFFSET(Sheet2!$D$20,0,ROW(A1)-1) -> 0 | X8: =OFFSET(Sheet2!$D$21,0,ROW(A1)-1) -> 0 | Y8: =OFFSET(Sheet2!$D$22,0,ROW(A1)-1) -> 0 | Z8: =OFFSET(Sheet2!$D$23,0,ROW(A1)-1) -> 0 | AA8: =OFFSET(Sheet2!$D$24,0,ROW(A1)-1) -> 0 | AB8: =OFFSET(Sheet2!$D$25,0,ROW(A1)-1) -> 0 | AC8: =OFFSET(Sheet2!$D$26,0,ROW(A1)-1) -> 0 | AD8: =OFFSET(Sheet2!$D$27,0,ROW(A1)-1) -> 0 | AE8: =OFFSET(Sheet2!$D$28,0,ROW(A1)-1) -> 0 | AF8: =OFFSET(Sheet2!$D$29,0,ROW(A1)-1) -> 0 | AG8: =OFFSET(Sheet2!$D$30,0,ROW(A1)-1) -> 0 | AH8: =OFFSET(Sheet2!$D$31,0,ROW(A1)-1) -> 0 | AI8: =OFFSET(Sheet2!$D$32,0,ROW(A1)-1) -> 0 | AJ8: =OFFSET(Sheet2!$D$33,0,ROW(A1)-1) -> 0 | AK8: =OFFSET(Sheet2!$D$34,0,ROW(A1)-1) -> 0 | AL8: =OFFSET(Sheet2!$D$35,0,ROW(A1)-1) -> 0 | AM8: =OFFSET(Sheet2!$D$36,0,ROW(A1)-1) -> 0 | AN8: =OFFSET(Sheet2!$D$37,0,ROW(A1)-1) -> 0 | AO8: =OFFSET(Sheet2!$D$38,0,ROW(A1)-1) -> 0 | AP8: =OFFSET(Sheet2!$D$39,0,ROW(A1)-1) -> 0 | AQ8: =OFFSET(Sheet2!$D$40,0,ROW(A1)-1) -> 0
B9: 0.375 | C9: =OFFSET(Sheet2!$D$6,0,ROW(A2)-1) -> 0 | D9: =OFFSET(Sheet2!$D$7,0,ROW(A2)-1) -> 0 | E9: =OFFSET(Sheet2!$D$8,0,ROW(A2)-1) -> 0 | I9: =OFFSET(Sheet2!$D$9,0,ROW(A2)-1) -> 0 | J9: =OFFSET(Sheet2!$D$10,0,ROW(A2)-1) -> 0 | K9: =OFFSET(Sheet2!$D$11,0,ROW(A2)-1) -> 0 | O9: =OFFSET(Sheet2!$D$12,0,ROW(A2)-1) -> 0 | P9: =OFFSET(Sheet2!$D$13,0,ROW(A2)-1) -> 0 | Q9: =OFFSET(Sheet2!$D$14,0,ROW(A2)-1) -> 0 | R9: =OFFSET(Sheet2!$D$15,0,ROW(A2)-1) -> 0 | S9: =OFFSET(Sheet2!$D$16,0,ROW(A2)-1) -> 0 | T9: =OFFSET(Sheet2!$D$17,0,ROW(A2)-1) -> 0 | U9: =OFFSET(Sheet2!$D$18,0,ROW(A2)-1) -> 0 | V9: =OFFSET(Sheet2!$D$19,0,ROW(A2)-1) -> 0 | W9: =OFFSET(Sheet2!$D$20,0,ROW(A2)-1) -> 0 | X9: =OFFSET(Sheet2!$D$21,0,ROW(A2)-1) -> 0 | Y9: =OFFSET(Sheet2!$D$22,0,ROW(A2)-1) -> 0 | Z9: =OFFSET(Sheet2!$D$23,0,ROW(A2)-1) -> 0 | AA9: =OFFSET(Sheet2!$D$24,0,ROW(A2)-1) -> 0 | AB9: =OFFSET(Sheet2!$D$25,0,ROW(A2)-1) -> 0 | AC9: =OFFSET(Sheet2!$D$26,0,ROW(A2)-1) -> 0 | AD9: =OFFSET(Sheet2!$D$27,0,ROW(A2)-1) -> 0 | AE9: =OFFSET(Sheet2!$D$28,0,ROW(A2)-1) -> 0 | AF9: =OFFSET(Sheet2!$D$29,0,ROW(A2)-1) -> 0 | AG9: =OFFSET(Sheet2!$D$30,0,ROW(A2)-1) -> 0 | AH9: =OFFSET(Sheet2!$D$31,0,ROW(A2)-1) -> 0 | AI9: =OFFSET(Sheet2!$D$32,0,ROW(A2)-1) -> 0 | AJ9: =OFFSET(Sheet2!$D$33,0,ROW(A2)-1) -> 0 | AK9: =OFFSET(Sheet2!$D$34,0,ROW(A2)-1) -> 0 | AL9: =OFFSET(Sheet2!$D$35,0,ROW(A2)-1) -> 0 | AM9: =OFFSET(Sheet2!$D$36,0,ROW(A2)-1) -> 0 | AN9: =OFFSET(Sheet2!$D$37,0,ROW(A2)-1) -> 0 | AO9: =OFFSET(Sheet2!$D$38,0,ROW(A2)-1) -> 0 | AP9: =OFFSET(Sheet2!$D$39,0,ROW(A2)-1) -> 0 | AQ9: =OFFSET(Sheet2!$D$40,0,ROW(A2)-1) -> 0
B10: 0.41666667 | C10: =OFFSET(Sheet2!$D$6,0,ROW(A3)-1) -> 0 | D10: =OFFSET(Sheet2!$D$7,0,ROW(A3)-1) -> 0 | E10: =OFFSET(Sheet2!$D$8,0,ROW(A3)-1) -> 0 | I10: =OFFSET(Sheet2!$D$9,0,ROW(A3)-1) -> 0 | J10: =OFFSET(Sheet2!$D$10,0,ROW(A3)-1) -> 0 | K10: =OFFSET(Sheet2!$D$11,0,ROW(A3)-1) -> 0 | O10: =OFFSET(Sheet2!$D$12,0,ROW(A3)-1) -> 0 | P10: =OFFSET(Sheet2!$D$13,0,ROW(A3)-1) -> 0 | Q10: =OFFSET(Sheet2!$D$14,0,ROW(A3)-1) -> 0 | R10: =OFFSET(Sheet2!$D$15,0,ROW(A3)-1) -> 0 | S10: =OFFSET(Sheet2!$D$16,0,ROW(A3)-1) -> 0 | T10: =OFFSET(Sheet2!$D$17,0,ROW(A3)-1) -> 0 | U10: =OFFSET(Sheet2!$D$18,0,ROW(A3)-1) -> 0 | V10: =OFFSET(Sheet2!$D$19,0,ROW(A3)-1) -> 0 | W10: =OFFSET(Sheet2!$D$20,0,ROW(A3)-1) -> 0 | X10: =OFFSET(Sheet2!$D$21,0,ROW(A3)-1) -> 0 | Y10: =OFFSET(Sheet2!$D$22,0,ROW(A3)-1) -> 0 | Z10: =OFFSET(Sheet2!$D$23,0,ROW(A3)-1) -> 0 | AA10: =OFFSET(Sheet2!$D$24,0,ROW(A3)-1) -> 0 | AB10: =OFFSET(Sheet2!$D$25,0,ROW(A3)-1) -> 0 | AC10: =OFFSET(Sheet2!$D$26,0,ROW(A3)-1) -> 0 | AD10: =OFFSET(Sheet2!$D$27,0,ROW(A3)-1) -> 0 | AE10: =OFFSET(Sheet2!$D$28,0,ROW(A3)-1) -> 0 | AF10: =OFFSET(Sheet2!$D$29,0,ROW(A3)-1) -> 0 | AG10: =OFFSET(Sheet2!$D$30,0,ROW(A3)-1) -> 0 | AH10: =OFFSET(Sheet2!$D$31,0,ROW(A3)-1) -> 0 | AI10: =OFFSET(Sheet2!$D$32,0,ROW(A3)-1) -> 0 | AJ10: =OFFSET(Sheet2!$D$33,0,ROW(A3)-1) -> 0 | AK10: =OFFSET(Sheet2!$D$34,0,ROW(A3)-1) -> 0 | AL10: =OFFSET(Sheet2!$D$35,0,ROW(A3)-1) -> 0 | AM10: =OFFSET(Sheet2!$D$36,0,ROW(A3)-1) -> 0 | AN10: =OFFSET(Sheet2!$D$37,0,ROW(A3)-1) -> 0 | AO10: =OFFSET(Sheet2!$D$38,0,ROW(A3)-1) -> 0 | AP10: =OFFSET(Sheet2!$D$39,0,ROW(A3)-1) -> 0 | AQ10: =OFFSET(Sheet2!$D$40,0,ROW(A3)-1) -> 0
B11: 0.45833333 | C11: =OFFSET(Sheet2!$D$6,0,ROW(A4)-1) -> 0 | D11: =OFFSET(Sheet2!$D$7,0,ROW(A4)-1) -> 0 | E11: =OFFSET(Sheet2!$D$8,0,ROW(A4)-1) -> 0 | I11: =OFFSET(Sheet2!$D$9,0,ROW(A4)-1) -> 0 | J11: =OFFSET(Sheet2!$D$10,0,ROW(A4)-1) -> 0 | K11: =OFFSET(Sheet2!$D$11,0,ROW(A4)-1) -> 0 | O11: =OFFSET(Sheet2!$D$12,0,ROW(A4)-1) -> 0 | P11: =OFFSET(Sheet2!$D$13,0,ROW(A4)-1) -> 0 | Q11: =OFFSET(Sheet2!$D$14,0,ROW(A4)-1) -> 0 | R11: =OFFSET(Sheet2!$D$15,0,ROW(A4)-1) -> 0 | S11: =OFFSET(Sheet2!$D$16,0,ROW(A4)-1) -> 0 | T11: =OFFSET(Sheet2!$D$17,0,ROW(A4)-1) -> 0 | U11: =OFFSET(Sheet2!$D$18,0,ROW(A4)-1) -> 0 | V11: =OFFSET(Sheet2!$D$19,0,ROW(A4)-1) -> 0 | W11: =OFFSET(Sheet2!$D$20,0,ROW(A4)-1) -> 0 | X11: =OFFSET(Sheet2!$D$21,0,ROW(A4)-1) -> 0 | Y11: =OFFSET(Sheet2!$D$22,0,ROW(A4)-1) -> 0 | Z11: =OFFSET(Sheet2!$D$23,0,ROW(A4)-1) -> 0 | AA11: =OFFSET(Sheet2!$D$24,0,ROW(A4)-1) -> 0 | AB11: =OFFSET(Sheet2!$D$25,0,ROW(A4)-1) -> 0 | AC11: =OFFSET(Sheet2!$D$26,0,ROW(A4)-1) -> 0 | AD11: =OFFSET(Sheet2!$D$27,0,ROW(A4)-1) -> 0 | AE11: =OFFSET(Sheet2!$D$28,0,ROW(A4)-1) -> 0 | AF11: =OFFSET(Sheet2!$D$29,0,ROW(A4)-1) -> 0 | AG11: =OFFSET(Sheet2!$D$30,0,ROW(A4)-1) -> 0 | AH11: =OFFSET(Sheet2!$D$31,0,ROW(A4)-1) -> 0 | AI11: =OFFSET(Sheet2!$D$32,0,ROW(A4)-1) -> 0 | AJ11: =OFFSET(Sheet2!$D$33,0,ROW(A4)-1) -> 0 | AK11: =OFFSET(Sheet2!$D$34,0,ROW(A4)-1) -> 0 | AL11: =OFFSET(Sheet2!$D$35,0,ROW(A4)-1) -> 0 | AM11: =OFFSET(Sheet2!$D$36,0,ROW(A4)-1) -> 0 | AN11: =OFFSET(Sheet2!$D$37,0,ROW(A4)-1) -> 0 | AO11: =OFFSET(Sheet2!$D$38,0,ROW(A4)-1) -> 0 | AP11: =OFFSET(Sheet2!$D$39,0,ROW(A4)-1) -> 0 | AQ11: =OFFSET(Sheet2!$D$40,0,ROW(A4)-1) -> 0
B12: 0.5 | C12: =OFFSET(Sheet2!$D$6,0,ROW(A5)-1) -> 0 | D12: =OFFSET(Sheet2!$D$7,0,ROW(A5)-1) -> 0 | E12: =OFFSET(Sheet2!$D$8,0,ROW(A5)-1) -> 0 | I12: =OFFSET(Sheet2!$D$9,0,ROW(A5)-1) -> 0 | J12: =OFFSET(Sheet2!$D$10,0,ROW(A5)-1) -> 0 | K12: =OFFSET(Sheet2!$D$11,0,ROW(A5)-1) -> 0 | O12: =OFFSET(Sheet2!$D$12,0,ROW(A5)-1) -> 0 | P12: =OFFSET(Sheet2!$D$13,0,ROW(A5)-1) -> 0 | Q12: =OFFSET(Sheet2!$D$14,0,ROW(A5)-1) -> 0 | R12: =OFFSET(Sheet2!$D$15,0,ROW(A5)-1) -> 0 | S12: =OFFSET(Sheet2!$D$16,0,ROW(A5)-1) -> 0 | T12: =OFFSET(Sheet2!$D$17,0,ROW(A5)-1) -> 0 | U12: =OFFSET(Sheet2!$D$18,0,ROW(A5)-1) -> 0 | V12: =OFFSET(Sheet2!$D$19,0,ROW(A5)-1) -> 0 | W12: =OFFSET(Sheet2!$D$20,0,ROW(A5)-1) -> 0 | X12: =OFFSET(Sheet2!$D$21,0,ROW(A5)-1) -> 0 | Y12: =OFFSET(Sheet2!$D$22,0,ROW(A5)-1) -> 0 | Z12: =OFFSET(Sheet2!$D$23,0,ROW(A5)-1) -> 0 | AA12: =OFFSET(Sheet2!$D$24,0,ROW(A5)-1) -> 0 | AB12: =OFFSET(Sheet2!$D$25,0,ROW(A5)-1) -> 0 | AC12: =OFFSET(Sheet2!$D$26,0,ROW(A5)-1) -> 0 | AD12: =OFFSET(Sheet2!$D$27,0,ROW(A5)-1) -> 0 | AE12: =OFFSET(Sheet2!$D$28,0,ROW(A5)-1) -> 0 | AF12: =OFFSET(Sheet2!$D$29,0,ROW(A5)-1) -> 0 | AG12: =OFFSET(Sheet2!$D$30,0,ROW(A5)-1) -> 0 | AH12: =OFFSET(Sheet2!$D$31,0,ROW(A5)-1) -> 0 | AI12: =OFFSET(Sheet2!$D$32,0,ROW(A5)-1) -> 0 | AJ12: =OFFSET(Sheet2!$D$33,0,ROW(A5)-1) -> 0 | AK12: =OFFSET(Sheet2!$D$34,0,ROW(A5)-1) -> 0 | AL12: =OFFSET(Sheet2!$D$35,0,ROW(A5)-1) -> 0 | AM12: =OFFSET(Sheet2!$D$36,0,ROW(A5)-1) -> 0 | AN12: =OFFSET(Sheet2!$D$37,0,ROW(A5)-1) -> 0 | AO12: =OFFSET(Sheet2!$D$38,0,ROW(A5)-1) -> 0 | AP12: =OFFSET(Sheet2!$D$39,0,ROW(A5)-1) -> 0 | AQ12: =OFFSET(Sheet2!$D$40,0,ROW(A5)-1) -> 0
B13: 0.54166667 | C13: =OFFSET(Sheet2!$D$6,0,ROW(A6)-1) -> 0 | D13: =OFFSET(Sheet2!$D$7,0,ROW(A6)-1) -> 0 | E13: =OFFSET(Sheet2!$D$8,0,ROW(A6)-1) -> 0 | I13: =OFFSET(Sheet2!$D$9,0,ROW(A6)-1) -> 0 | J13: =OFFSET(Sheet2!$D$10,0,ROW(A6)-1) -> 0 | K13: =OFFSET(Sheet2!$D$11,0,ROW(A6)-1) -> 0 | O13: =OFFSET(Sheet2!$D$12,0,ROW(A6)-1) -> 0 | P13: =OFFSET(Sheet2!$D$13,0,ROW(A6)-1) -> 0 | Q13: =OFFSET(Sheet2!$D$14,0,ROW(A6)-1) -> 0 | R13: =OFFSET(Sheet2!$D$15,0,ROW(A6)-1) -> 0 | S13: =OFFSET(Sheet2!$D$16,0,ROW(A6)-1) -> 0 | T13: =OFFSET(Sheet2!$D$17,0,ROW(A6)-1) -> 0 | U13: =OFFSET(Sheet2!$D$18,0,ROW(A6)-1) -> 0 | V13: =OFFSET(Sheet2!$D$19,0,ROW(A6)-1) -> 0 | W13: =OFFSET(Sheet2!$D$20,0,ROW(A6)-1) -> 0 | X13: =OFFSET(Sheet2!$D$21,0,ROW(A6)-1) -> 0 | Y13: =OFFSET(Sheet2!$D$22,0,ROW(A6)-1) -> 0 | Z13: =OFFSET(Sheet2!$D$23,0,ROW(A6)-1) -> 0 | AA13: =OFFSET(Sheet2!$D$24,0,ROW(A6)-1) -> 0 | AB13: =OFFSET(Sheet2!$D$25,0,ROW(A6)-1) -> 0 | AC13: =OFFSET(Sheet2!$D$26,0,ROW(A6)-1) -> 0 | AD13: =OFFSET(Sheet2!$D$27,0,ROW(A6)-1) -> 0 | AE13: =OFFSET(Sheet2!$D$28,0,ROW(A6)-1) -> 0 | AF13: =OFFSET(Sheet2!$D$29,0,ROW(A6)-1) -> 0 | AG13: =OFFSET(Sheet2!$D$30,0,ROW(A6)-1) -> 0 | AH13: =OFFSET(Sheet2!$D$31,0,ROW(A6)-1) -> 0 | AI13: =OFFSET(Sheet2!$D$32,0,ROW(A6)-1) -> 0 | AJ13: =OFFSET(Sheet2!$D$33,0,ROW(A6)-1) -> 0 | AK13: =OFFSET(Sheet2!$D$34,0,ROW(A6)-1) -> 0 | AL13: =OFFSET(Sheet2!$D$35,0,ROW(A6)-1) -> 0 | AM13: =OFFSET(Sheet2!$D$36,0,ROW(A6)-1) -> 0 | AN13: =OFFSET(Sheet2!$D$37,0,ROW(A6)-1) -> 0 | AO13: =OFFSET(Sheet2!$D$38,0,ROW(A6)-1) -> 0 | AP13: =OFFSET(Sheet2!$D$39,0,ROW(A6)-1) -> 0 | AQ13: =OFFSET(Sheet2!$D$40,0,ROW(A6)-1) -> 0
B14: 0.58333333 | C14: =OFFSET(Sheet2!$D$6,0,ROW(A7)-1) -> 0 | D14: =OFFSET(Sheet2!$D$7,0,ROW(A7)-1) -> 0 | E14: =OFFSET(Sheet2!$D$8,0,ROW(A7)-1) -> 0 | I14: =OFFSET(Sheet2!$D$9,0,ROW(A7)-1) -> 0 | J14: =OFFSET(Sheet2!$D$10,0,ROW(A7)-1) -> 0 | K14: =OFFSET(Sheet2!$D$11,0,ROW(A7)-1) -> 0 | O14: =OFFSET(Sheet2!$D$12,0,ROW(A7)-1) -> 0 | P14: =OFFSET(Sheet2!$D$13,0,ROW(A7)-1) -> 0 | Q14: =OFFSET(Sheet2!$D$14,0,ROW(A7)-1) -> 0 | R14: =OFFSET(Sheet2!$D$15,0,ROW(A7)-1) -> 0 | S14: =OFFSET(Sheet2!$D$16,0,ROW(A7)-1) -> 0 | T14: =OFFSET(Sheet2!$D$17,0,ROW(A7)-1) -> 0 | U14: =OFFSET(Sheet2!$D$18,0,ROW(A7)-1) -> 0 | V14: =OFFSET(Sheet2!$D$19,0,ROW(A7)-1) -> 0 | W14: =OFFSET(Sheet2!$D$20,0,ROW(A7)-1) -> 0 | X14: =OFFSET(Sheet2!$D$21,0,ROW(A7)-1) -> 0 | Y14: =OFFSET(Sheet2!$D$22,0,ROW(A7)-1) -> 0 | Z14: =OFFSET(Sheet2!$D$23,0,ROW(A7)-1) -> 0 | AA14: =OFFSET(Sheet2!$D$24,0,ROW(A7)-1) -> 0 | AB14: =OFFSET(Sheet2!$D$25,0,ROW(A7)-1) -> 0 | AC14: =OFFSET(Sheet2!$D$26,0,ROW(A7)-1) -> 0 | AD14: =OFFSET(Sheet2!$D$27,0,ROW(A7)-1) -> 0 | AE14: =OFFSET(Sheet2!$D$28,0,ROW(A7)-1) -> 0 | AF14: =OFFSET(Sheet2!$D$29,0,ROW(A7)-1) -> 0 | AG14: =OFFSET(Sheet2!$D$30,0,ROW(A7)-1) -> 0 | AH14: =OFFSET(Sheet2!$D$31,0,ROW(A7)-1) -> 0 | AI14: =OFFSET(Sheet2!$D$32,0,ROW(A7)-1) -> 0 | AJ14: =OFFSET(Sheet2!$D$33,0,ROW(A7)-1) -> 0 | AK14: =OFFSET(Sheet2!$D$34,0,ROW(A7)-1) -> 0 | AL14: =OFFSET(Sheet2!$D$35,0,ROW(A7)-1) -> 0 | AM14: =OFFSET(Sheet2!$D$36,0,ROW(A7)-1) -> 0 | AN14: =OFFSET(Sheet2!$D$37,0,ROW(A7)-1) -> 0 | AO14: =OFFSET(Sheet2!$D$38,0,ROW(A7)-1) -> 0 | AP14: =OFFSET(Sheet2!$D$39,0,ROW(A7)-1) -> 0 | AQ14: =OFFSET(Sheet2!$D$40,0,ROW(A7)-1) -> 0
B15: 0.625 | C15: =OFFSET(Sheet2!$D$6,0,ROW(A8)-1) -> 0 | D15: =OFFSET(Sheet2!$D$7,0,ROW(A8)-1) -> 0 | E15: =OFFSET(Sheet2!$D$8,0,ROW(A8)-1) -> 0 | I15: =OFFSET(Sheet2!$D$9,0,ROW(A8)-1) -> 0 | J15: =OFFSET(Sheet2!$D$10,0,ROW(A8)-1) -> 0 | K15: =OFFSET(Sheet2!$D$11,0,ROW(A8)-1) -> 0 | O15: =OFFSET(Sheet2!$D$12,0,ROW(A8)-1) -> 0 | P15: =OFFSET(Sheet2!$D$13,0,ROW(A8)-1) -> 0 | Q15: =OFFSET(Sheet2!$D$14,0,ROW(A8)-1) -> 0 | R15: =OFFSET(Sheet2!$D$15,0,ROW(A8)-1) -> 0 | S15: =OFFSET(Sheet2!$D$16,0,ROW(A8)-1) -> 0 | T15: =OFFSET(Sheet2!$D$17,0,ROW(A8)-1) -> 0 | U15: =OFFSET(Sheet2!$D$18,0,ROW(A8)-1) -> 0 | V15: =OFFSET(Sheet2!$D$19,0,ROW(A8)-1) -> 0 | W15: =OFFSET(Sheet2!$D$20,0,ROW(A8)-1) -> 0 | X15: =OFFSET(Sheet2!$D$21,0,ROW(A8)-1) -> 0 | Y15: =OFFSET(Sheet2!$D$22,0,ROW(A8)-1) -> 0 | Z15: =OFFSET(Sheet2!$D$23,0,ROW(A8)-1) -> 0 | AA15: =OFFSET(Sheet2!$D$24,0,ROW(A8)-1) -> 0 | AB15: =OFFSET(Sheet2!$D$25,0,ROW(A8)-1) -> 0 | AC15: =OFFSET(Sheet2!$D$26,0,ROW(A8)-1) -> 0 | AD15: =OFFSET(Sheet2!$D$27,0,ROW(A8)-1) -> 0 | AE15: =OFFSET(Sheet2!$D$28,0,ROW(A8)-1) -> 0 | AF15: =OFFSET(Sheet2!$D$29,0,ROW(A8)-1) -> 0 | AG15: =OFFSET(Sheet2!$D$30,0,ROW(A8)-1) -> 0 | AH15: =OFFSET(Sheet2!$D$31,0,ROW(A8)-1) -> 0 | AI15: =OFFSET(Sheet2!$D$32,0,ROW(A8)-1) -> 0 | AJ15: =OFFSET(Sheet2!$D$33,0,ROW(A8)-1) -> 0 | AK15: =OFFSET(Sheet2!$D$34,0,ROW(A8)-1) -> 0 | AL15: =OFFSET(Sheet2!$D$35,0,ROW(A8)-1) -> 0 | AM15: =OFFSET(Sheet2!$D$36,0,ROW(A8)-1) -> 0 | AN15: =OFFSET(Sheet2!$D$37,0,ROW(A8)-1) -> 0 | AO15: =OFFSET(Sheet2!$D$38,0,ROW(A8)-1) -> 0 | AP15: =OFFSET(Sheet2!$D$39,0,ROW(A8)-1) -> 0 | AQ15: =OFFSET(Sheet2!$D$40,0,ROW(A8)-1) -> 0
B16: 0.66666667 | C16: =OFFSET(Sheet2!$D$6,0,ROW(A9)-1) -> 0 | D16: =OFFSET(Sheet2!$D$7,0,ROW(A9)-1) -> 0 | E16: =OFFSET(Sheet2!$D$8,0,ROW(A9)-1) -> 0 | I16: =OFFSET(Sheet2!$D$9,0,ROW(A9)-1) -> 0 | J16: =OFFSET(Sheet2!$D$10,0,ROW(A9)-1) -> 0 | K16: =OFFSET(Sheet2!$D$11,0,ROW(A9)-1) -> 0 | O16: =OFFSET(Sheet2!$D$12,0,ROW(A9)-1) -> 0 | P16: =OFFSET(Sheet2!$D$13,0,ROW(A9)-1) -> 0 | Q16: =OFFSET(Sheet2!$D$14,0,ROW(A9)-1) -> 0 | R16: =OFFSET(Sheet2!$D$15,0,ROW(A9)-1) -> 0 | S16: =OFFSET(Sheet2!$D$16,0,ROW(A9)-1) -> 0 | T16: =OFFSET(Sheet2!$D$17,0,ROW(A9)-1) -> 0 | U16: =OFFSET(Sheet2!$D$18,0,ROW(A9)-1) -> 0 | V16: =OFFSET(Sheet2!$D$19,0,ROW(A9)-1) -> 0 | W16: =OFFSET(Sheet2!$D$20,0,ROW(A9)-1) -> 0 | X16: =OFFSET(Sheet2!$D$21,0,ROW(A9)-1) -> 0 | Y16: =OFFSET(Sheet2!$D$22,0,ROW(A9)-1) -> 0 | Z16: =OFFSET(Sheet2!$D$23,0,ROW(A9)-1) -> 0 | AA16: =OFFSET(Sheet2!$D$24,0,ROW(A9)-1) -> 0 | AB16: =OFFSET(Sheet2!$D$25,0,ROW(A9)-1) -> 0 | AC16: =OFFSET(Sheet2!$D$26,0,ROW(A9)-1) -> 0 | AD16: =OFFSET(Sheet2!$D$27,0,ROW(A9)-1) -> 0 | AE16: =OFFSET(Sheet2!$D$28,0,ROW(A9)-1) -> 0 | AF16: =OFFSET(Sheet2!$D$29,0,ROW(A9)-1) -> 0 | AG16: =OFFSET(Sheet2!$D$30,0,ROW(A9)-1) -> 0 | AH16: =OFFSET(Sheet2!$D$31,0,ROW(A9)-1) -> 0 | AI16: =OFFSET(Sheet2!$D$32,0,ROW(A9)-1) -> 0 | AJ16: =OFFSET(Sheet2!$D$33,0,ROW(A9)-1) -> 0 | AK16: =OFFSET(Sheet2!$D$34,0,ROW(A9)-1) -> 0 | AL16: =OFFSET(Sheet2!$D$35,0,ROW(A9)-1) -> 0 | AM16: =OFFSET(Sheet2!$D$36,0,ROW(A9)-1) -> 0 | AN16: =OFFSET(Sheet2!$D$37,0,ROW(A9)-1) -> 0 | AO16: =OFFSET(Sheet2!$D$38,0,ROW(A9)-1) -> 0 | AP16: =OFFSET(Sheet2!$D$39,0,ROW(A9)-1) -> 0 | AQ16: =OFFSET(Sheet2!$D$40,0,ROW(A9)-1) -> 0
B17: 0.70833333 | C17: =OFFSET(Sheet2!$D$6,0,ROW(A10)-1) -> 0 | D17: =OFFSET(Sheet2!$D$7,0,ROW(A10)-1) -> 0 | E17: =OFFSET(Sheet2!$D$8,0,ROW(A10)-1) -> 0 | I17: =OFFSET(Sheet2!$D$9,0,ROW(A10)-1) -> 0 | J17: =OFFSET(Sheet2!$D$10,0,ROW(A10)-1) -> 0 | K17: =OFFSET(Sheet2!$D$11,0,ROW(A10)-1) -> 0 | O17: =OFFSET(Sheet2!$D$12,0,ROW(A10)-1) -> 0 | P17: =OFFSET(Sheet2!$D$13,0,ROW(A10)-1) -> 0 | Q17: =OFFSET(Sheet2!$D$14,0,ROW(A10)-1) -> 0 | R17: =OFFSET(Sheet2!$D$15,0,ROW(A10)-1) -> 0 | S17: =OFFSET(Sheet2!$D$16,0,ROW(A10)-1) -> 0 | T17: =OFFSET(Sheet2!$D$17,0,ROW(A10)-1) -> 0 | U17: =OFFSET(Sheet2!$D$18,0,ROW(A10)-1) -> 0 | V17: =OFFSET(Sheet2!$D$19,0,ROW(A10)-1) -> 0 | W17: =OFFSET(Sheet2!$D$20,0,ROW(A10)-1) -> 0 | X17: =OFFSET(Sheet2!$D$21,0,ROW(A10)-1) -> 0 | Y17: =OFFSET(Sheet2!$D$22,0,ROW(A10)-1) -> 0 | Z17: =OFFSET(Sheet2!$D$23,0,ROW(A10)-1) -> 0 | AA17: =OFFSET(Sheet2!$D$24,0,ROW(A10)-1) -> 0 | AB17: =OFFSET(Sheet2!$D$25,0,ROW(A10)-1) -> 0 | AC17: =OFFSET(Sheet2!$D$26,0,ROW(A10)-1) -> 0 | AD17: =OFFSET(Sheet2!$D$27,0,ROW(A10)-1) -> 0 | AE17: =OFFSET(Sheet2!$D$28,0,ROW(A10)-1) -> 0 | AF17: =OFFSET(Sheet2!$D$29,0,ROW(A10)-1) -> 0 | AG17: =OFFSET(Sheet2!$D$30,0,ROW(A10)-1) -> 0 | AH17: =OFFSET(Sheet2!$D$31,0,ROW(A10)-1) -> 0 | AI17: =OFFSET(Sheet2!$D$32,0,ROW(A10)-1) -> 0 | AJ17: =OFFSET(Sheet2!$D$33,0,ROW(A10)-1) -> 0 | AK17: =OFFSET(Sheet2!$D$34,0,ROW(A10)-1) -> 0 | AL17: =OFFSET(Sheet2!$D$35,0,ROW(A10)-1) -> 0 | AM17: =OFFSET(Sheet2!$D$36,0,ROW(A10)-1) -> 0 | AN17: =OFFSET(Sheet2!$D$37,0,ROW(A10)-1) -> 0 | AO17: =OFFSET(Sheet2!$D$38,0,ROW(A10)-1) -> 0 | AP17: =OFFSET(Sheet2!$D$39,0,ROW(A10)-1) -> 0 | AQ17: =OFFSET(Sheet2!$D$40,0,ROW(A10)-1) -> 0
B18: 0.75 | C18: =OFFSET(Sheet2!$D$6,0,ROW(A11)-1) -> 0 | D18: =OFFSET(Sheet2!$D$7,0,ROW(A11)-1) -> 0 | E18: =OFFSET(Sheet2!$D$8,0,ROW(A11)-1) -> 0 | I18: =OFFSET(Sheet2!$D$9,0,ROW(A11)-1) -> 0 | J18: =OFFSET(Sheet2!$D$10,0,ROW(A11)-1) -> 0 | K18: =OFFSET(Sheet2!$D$11,0,ROW(A11)-1) -> 0 | O18: =OFFSET(Sheet2!$D$12,0,ROW(A11)-1) -> 0 | P18: =OFFSET(Sheet2!$D$13,0,ROW(A11)-1) -> 0 | Q18: =OFFSET(Sheet2!$D$14,0,ROW(A11)-1) -> 0 | R18: =OFFSET(Sheet2!$D$15,0,ROW(A11)-1) -> 0 | S18: =OFFSET(Sheet2!$D$16,0,ROW(A11)-1) -> 0 | T18: =OFFSET(Sheet2!$D$17,0,ROW(A11)-1) -> 0 | U18: =OFFSET(Sheet2!$D$18,0,ROW(A11)-1) -> 0 | V18: =OFFSET(Sheet2!$D$19,0,ROW(A11)-1) -> 0 | W18: =OFFSET(Sheet2!$D$20,0,ROW(A11)-1) -> 0 | X18: =OFFSET(Sheet2!$D$21,0,ROW(A11)-1) -> 0 | Y18: =OFFSET(Sheet2!$D$22,0,ROW(A11)-1) -> 0 | Z18: =OFFSET(Sheet2!$D$23,0,ROW(A11)-1) -> 0 | AA18: =OFFSET(Sheet2!$D$24,0,ROW(A11)-1) -> 0 | AB18: =OFFSET(Sheet2!$D$25,0,ROW(A11)-1) -> 0 | AC18: =OFFSET(Sheet2!$D$26,0,ROW(A11)-1) -> 0 | AD18: =OFFSET(Sheet2!$D$27,0,ROW(A11)-1) -> 0 | AE18: =OFFSET(Sheet2!$D$28,0,ROW(A11)-1) -> 0 | AF18: =OFFSET(Sheet2!$D$29,0,ROW(A11)-1) -> 0 | AG18: =OFFSET(Sheet2!$D$30,0,ROW(A11)-1) -> 0 | AH18: =OFFSET(Sheet2!$D$31,0,ROW(A11)-1) -> 0 | AI18: =OFFSET(Sheet2!$D$32,0,ROW(A11)-1) -> 0 | AJ18: =OFFSET(Sheet2!$D$33,0,ROW(A11)-1) -> 0 | AK18: =OFFSET(Sheet2!$D$34,0,ROW(A11)-1) -> 0 | AL18: =OFFSET(Sheet2!$D$35,0,ROW(A11)-1) -> 0 | AM18: =OFFSET(Sheet2!$D$36,0,ROW(A11)-1) -> 0 | AN18: =OFFSET(Sheet2!$D$37,0,ROW(A11)-1) -> 0 | AO18: =OFFSET(Sheet2!$D$38,0,ROW(A11)-1) -> 0 | AP18: =OFFSET(Sheet2!$D$39,0,ROW(A11)-1) -> 0 | AQ18: =OFFSET(Sheet2!$D$40,0,ROW(A11)-1) -> 0
B19: 0.79166667 | C19: =OFFSET(Sheet2!$D$6,0,ROW(A12)-1) -> 0 | D19: =OFFSET(Sheet2!$D$7,0,ROW(A12)-1) -> 0 | E19: =OFFSET(Sheet2!$D$8,0,ROW(A12)-1) -> 0 | I19: =OFFSET(Sheet2!$D$9,0,ROW(A12)-1) -> 0 | J19: =OFFSET(Sheet2!$D$10,0,ROW(A12)-1) -> 0 | K19: =OFFSET(Sheet2!$D$11,0,ROW(A12)-1) -> 0 | O19: =OFFSET(Sheet2!$D$12,0,ROW(A12)-1) -> 0 | P19: =OFFSET(Sheet2!$D$13,0,ROW(A12)-1) -> 0 | Q19: =OFFSET(Sheet2!$D$14,0,ROW(A12)-1) -> 0 | R19: =OFFSET(Sheet2!$D$15,0,ROW(A12)-1) -> 0 | S19: =OFFSET(Sheet2!$D$16,0,ROW(A12)-1) -> 0 | T19: =OFFSET(Sheet2!$D$17,0,ROW(A12)-1) -> 0 | U19: =OFFSET(Sheet2!$D$18,0,ROW(A12)-1) -> 0 | V19: =OFFSET(Sheet2!$D$19,0,ROW(A12)-1) -> 0 | W19: =OFFSET(Sheet2!$D$20,0,ROW(A12)-1) -> 0 | X19: =OFFSET(Sheet2!$D$21,0,ROW(A12)-1) -> 0 | Y19: =OFFSET(Sheet2!$D$22,0,ROW(A12)-1) -> 0 | Z19: =OFFSET(Sheet2!$D$23,0,ROW(A12)-1) -> 0 | AA19: =OFFSET(Sheet2!$D$24,0,ROW(A12)-1) -> 0 | AB19: =OFFSET(Sheet2!$D$25,0,ROW(A12)-1) -> 0 | AC19: =OFFSET(Sheet2!$D$26,0,ROW(A12)-1) -> 0 | AD19: =OFFSET(Sheet2!$D$27,0,ROW(A12)-1) -> 0 | AE19: =OFFSET(Sheet2!$D$28,0,ROW(A12)-1) -> 0 | AF19: =OFFSET(Sheet2!$D$29,0,ROW(A12)-1) -> 0 | AG19: =OFFSET(Sheet2!$D$30,0,ROW(A12)-1) -> 0 | AH19: =OFFSET(Sheet2!$D$31,0,ROW(A12)-1) -> 0 | AI19: =OFFSET(Sheet2!$D$32,0,ROW(A12)-1) -> 0 | AJ19: =OFFSET(Sheet2!$D$33,0,ROW(A12)-1) -> 0 | AK19: =OFFSET(Sheet2!$D$34,0,ROW(A12)-1) -> 0 | AL19: =OFFSET(Sheet2!$D$35,0,ROW(A12)-1) -> 0 | AM19: =OFFSET(Sheet2!$D$36,0,ROW(A12)-1) -> 0 | AN19: =OFFSET(Sheet2!$D$37,0,ROW(A12)-1) -> 0 | AO19: =OFFSET(Sheet2!$D$38,0,ROW(A12)-1) -> 0 | AP19: =OFFSET(Sheet2!$D$39,0,ROW(A12)-1) -> 0 | AQ19: =OFFSET(Sheet2!$D$40,0,ROW(A12)-1) -> 0
... B31: 0.29166667 | C31: =OFFSET(Sheet2!$D$6,0,ROW(A24)-1) -> 0 | D31: =OFFSET(Sheet2!$D$7,0,ROW(A24)-1) -> 0 | E31: =OFFSET(Sheet2!$D$8,0,ROW(A24)-1) -> 0 | I31: =OFFSET(Sheet2!$D$9,0,ROW(A24)-1) -> 0 | J31: =OFFSET(Sheet2!$D$10,0,ROW(A24)-1) -> 0 | K31: =OFFSET(Sheet2!$D$11,0,ROW(A24)-1) -> 0 | O31: =OFFSET(Sheet2!$D$12,0,ROW(A24)-1) -> 0 | P31: =OFFSET(Sheet2!$D$13,0,ROW(A24)-1) -> 0 | Q31: =OFFSET(Sheet2!$D$14,0,ROW(A24)-1) -> 0 | R31: =OFFSET(Sheet2!$D$15,0,ROW(A24)-1) -> 0 | S31: =OFFSET(Sheet2!$D$16,0,ROW(A24)-1) -> 0 | T31: =OFFSET(Sheet2!$D$17,0,ROW(A24)-1) -> 0 | U31: =OFFSET(Sheet2!$D$18,0,ROW(A24)-1) -> 0 | V31: =OFFSET(Sheet2!$D$19,0,ROW(A24)-1) -> 0 | W31: =OFFSET(Sheet2!$D$20,0,ROW(A24)-1) -> 0 | X31: =OFFSET(Sheet2!$D$21,0,ROW(A24)-1) -> 0 | Y31: =OFFSET(Sheet2!$D$22,0,ROW(A24)-1) -> 0 | Z31: =OFFSET(Sheet2!$D$23,0,ROW(A24)-1) -> 0 | AA31: =OFFSET(Sheet2!$D$24,0,ROW(A24)-1) -> 0 | AB31: =OFFSET(Sheet2!$D$25,0,ROW(A24)-1) -> 0 | AC31: =OFFSET(Sheet2!$D$26,0,ROW(A24)-1) -> 0 | AD31: =OFFSET(Sheet2!$D$27,0,ROW(A24)-1) -> 0 | AE31: =OFFSET(Sheet2!$D$28,0,ROW(A24)-1) -> 0 | AF31: =OFFSET(Sheet2!$D$29,0,ROW(A24)-1) -> 0 | AG31: =OFFSET(Sheet2!$D$30,0,ROW(A24)-1) -> 0 | AH31: =OFFSET(Sheet2!$D$31,0,ROW(A24)-1) -> 0 | AI31: =OFFSET(Sheet2!$D$32,0,ROW(A24)-1) -> 0 | AJ31: =OFFSET(Sheet2!$D$33,0,ROW(A24)-1) -> 0 | AK31: =OFFSET(Sheet2!$D$34,0,ROW(A24)-1) -> 0 | AL31: =OFFSET(Sheet2!$D$35,0,ROW(A24)-1) -> 0 | AM31: =OFFSET(Sheet2!$D$36,0,ROW(A24)-1) -> 0 | AN31: =OFFSET(Sheet2!$D$37,0,ROW(A24)-1) -> 0 | AO31: =OFFSET(Sheet2!$D$38,0,ROW(A24)-1) -> 0 | AP31: =OFFSET(Sheet2!$D$39,0,ROW(A24)-1) -> 0 | AQ31: =OFFSET(Sheet2!$D$40,0,ROW(A24)-1) -> 0
A32: Ghi chú:
A33: 08h00 -20h00 | C33: Người nhận kíp | K33: Người giao kíp | S33: 20h00 -8h00 | V33: Người nhận kíp
C34: Trưởng phó kíp | K34: Trưởng phó kíp | V34: Trưởng phó kíp

Sheet Sheet2
R1: BM.03/HD.05.62-19
E2: NHẬT KÝ VẬN HÀNH NỒI HƠI ỐNG KHÓI VÀ QUẠT GIÓ LÀM MÁT VÒNG #1 | R2: Ngày hiệu lực: 10/10/2023
R4: Ngày ……tháng…..năm ….
A5: Vị trí đo/ Thời gian | C5: Kí hiệu | D5: 0.33333333 | E5: 0.375 | F5: 0.41666667 | G5: 0.45833333 | H5: 0.5 | I5: 0.54166667 | J5: 0.58333333 | K5: 0.625 | L5: 0.66666667 | M5: 0.70833333 | N5: 0.75 | O5: 0.79166667 | P5: 0.83333333 | Q5: 0.875 | R5: 0.91666667 | S5: 0.95833333 | T5: 0 | U5: 0.041666667 | V5: 0.083333333 | W5: 0.125 | X5: 0.16666667 | Y5: 0.20833333 | Z5: 0.25 | AA5: 0.29166667
A6: Bao hơi ống khói | B6: Áp suất | C6: TK_1SWH_AI098
B7: Mức nước trên | C7: TK_1SWH_AI099
B8: Mức nước dưới | C8: TK_1SWH_AI100
A9: Hơi chính bộ quá nhiệt ống khói | B9: Áp suất | C9: TK_1SWH_AI101
B10: Nhiệt độ | C10: TK_1SWH_AI102
B11: Lưu lượng | C11: TK_1SWH_AI126
A12: Nước cấp nồi hơi áp suất cao | B12: Áp suất | C12: TK_1SWH_AI019
B13: Nhiệt độ cấp | C13: TK_1SWH_AI045
B14: Lưu lượng | C14: TK_1SWH_AI066
B15: Nhiệt độ TKT | C15: TK_1SWH_AI103
B16: Áp suất sau TKT | C16: TK_1SWH_AI104
A17: Khí khói nóng đầu bộ quá nhiệt 1 | B17: Áp suất | C17: TK_1SWH_AI107
B18: Nhiệt độ | C18: TK_1SWH_AI105
A19: Khí khói nóng đầu bộ quá nhiệt 2 | B19: Nhiệt độ | C19: TK_1SWH_AI106
B20: Áp suất | C20: TK_1SWH_AI107
A21: Khí khói nóng đầu ra bộ TKT 1 | B21: Nhiệt độ | C21: TK_1SWH_AI108
B22: Áp suất | C22: TK_1SWH_AI109
A23: Khí khói nóng đầu ra bộ TKT 2 | B23: Nhiệt độ | C23: TK_1SWH_AI110
B24: Áp suất | C24: TK_1SWH_AI111
A25: Quạt tuần hoàn nồi hơi làm mát vòng | B25: Dòng điện | C25: TK_1SWH_AI021
B26: Tốc độ động cơ | C26: TK_1SWH_AI020
B27: Nhiệt độ gối trước động cơ | C27: TK_1SWH_AI112
B28: Nhiệt độ gối sau động cơ | C28: TK_1SWH_AI113
B29: Nhiệt độ cuộn dây pha A | C29: TK_1SWH_AI114
B30: Nhiệt độ cuộn dây pha B | C30: TK_1SWH_AI115
B31: Nhiệt độ cuộn dây pha C | C31: TK_1SWH_AI116
B32: Độ rung gối trước động cơ | C32: TK_1SWH_AI117
B33: Độ rung gối sau động cơ | C33: TK_1SWH_AI118
B34: Nhiệt độ tủ biến tần | C34: TK_1SWH_AI119
B35: Nhiệt độ gối trước quạt | C35: TK_1SWH_AI120
B36: Nhiệt độ gối sau quạt | C36: TK_1SWH_AI121
B37: Độ rung gối trước bầu quạt (trục X) | C37: TK_1SWH_AI122
... B40: Độ rung gối sau bầu quạt (trục Y) | C40: TK_1SWH_AI125
