Workbook

Sheet Sheet1
Z1: BM.01/HD.05.04-03
Z2: Ngày hiệu lực: 01/07/2023
B6: BẢNG THEO DÕI THÔNG SỐ VẬN HÀNH MÁY NGHIỀN
A7: Hạng mục | C7: Kíp …… Ngày …… tháng …… năm 20…… | O7: Kíp …… Ngày …… tháng …… năm 20……
C8: 0.33333333 | D8: 0.375 | E8: 0.41666667 | F8: 0.45833333 | G8: 0.5 | H8: 0.54166667 | I8: 0.58333333 | J8: 0.625 | K8: 0.66666667 | L8: 0.70833333 | M8: 0.75 | N8: 0.79166667 | O8: 0.83333333 | P8: 0.875 | Q8: 0.91666667 | R8: 0.95833333 | S8: 1 | T8: 1.0416667 | U8: 1.0833333 | V8: 1.125 | W8: 1.1666667 | X8: 1.2083333 | Y8: 1.25 | Z8: 1.2916667
A9: Máy nghiền 1A | B9: Nhiệt độ gối đỡ trước | C9: =Sheet2!D6 -> 0 | D9: =Sheet2!E6 -> 0 | E9: =Sheet2!F6 -> 0 | F9: =Sheet2!G6 -> 0 | G9: =Sheet2!H6 -> 0 | H9: =Sheet2!I6 -> 0 | I9: =Sheet2!J6 -> 0 | J9: =Sheet2!K6 -> 0 | ... Z9: =Sheet2!AA6 -> 0
B10: Nhiệt độ gối đỡ sau | C10: =Sheet2!D7 -> 0 | D10: =Sheet2!E7 -> 0 | E10: =Sheet2!F7 -> 0 | F10: =Sheet2!G7 -> 0 | G10: =Sheet2!H7 -> 0 | H10: =Sheet2!I7 -> 0 | I10: =Sheet2!J7 -> 0 | J10: =Sheet2!K7 -> 0 | ... Z10: =Sheet2!AA7 -> 0
B11: Nhiệt độ cuộn dây A | C11: =Sheet2!D8 -> 0 | D11: =Sheet2!E8 -> 0 | E11: =Sheet2!F8 -> 0 | F11: =Sheet2!G8 -> 0 | G11: =Sheet2!H8 -> 0 | H11: =Sheet2!I8 -> 0 | I11: =Sheet2!J8 -> 0 | J11: =Sheet2!K8 -> 0 | ... Z11: =Sheet2!AA8 -> 0
B12: Nhiệt độ cuộn dây B | C12: =Sheet2!D9 -> 0 | D12: =Sheet2!E9 -> 0 | E12: =Sheet2!F9 -> 0 | F12: =Sheet2!G9 -> 0 | G12: =Sheet2!H9 -> 0 | H12: =Sheet2!I9 -> 0 | I12: =Sheet2!J9 -> 0 | J12: =Sheet2!K9 -> 0 | ... Z12: =Sheet2!AA9 -> 0
B13: Nhiệt độ cuộn dây C | C13: =Sheet2!D10 -> 0 | D13: =Sheet2!E10 -> 0 | E13: =Sheet2!F10 -> 0 | F13: =Sheet2!G10 -> 0 | G13: =Sheet2!H10 -> 0 | H13: =Sheet2!I10 -> 0 | I13: =Sheet2!J10 -> 0 | J13: =Sheet2!K10 -> 0 | ... Z13: =Sheet2!AA10 -> 0
B14: Nhiệt độ vòng bi trước | C14: =Sheet2!D11 -> 0 | D14: =Sheet2!E11 -> 0 | E14: =Sheet2!F11 -> 0 | F14: =Sheet2!G11 -> 0 | G14: =Sheet2!H11 -> 0 | H14: =Sheet2!I11 -> 0 | I14: =Sheet2!J11 -> 0 | J14: =Sheet2!K11 -> 0 | ... Z14: =Sheet2!AA11 -> 0
B15: Nhiệt độ vòng bi sau | C15: =Sheet2!D12 -> 0 | D15: =Sheet2!E12 -> 0 | E15: =Sheet2!F12 -> 0 | F15: =Sheet2!G12 -> 0 | G15: =Sheet2!H12 -> 0 | H15: =Sheet2!I12 -> 0 | I15: =Sheet2!J12 -> 0 | J15: =Sheet2!K12 -> 0 | ... Z15: =Sheet2!AA12 -> 0
B16: Dòng điện làm việc | C16: =Sheet2!D13 -> 0 | D16: =Sheet2!E13 -> 0 | E16: =Sheet2!F13 -> 0 | F16: =Sheet2!G13 -> 0 | G16: =Sheet2!H13 -> 0 | H16: =Sheet2!I13 -> 0 | I16: =Sheet2!J13 -> 0 | J16: =Sheet2!K13 -> 0 | ... Z16: =Sheet2!AA13 -> 0
B17: Độ rung dọc | C17: =Sheet2!D14 -> 0 | D17: =Sheet2!E14 -> 0 | E17: =Sheet2!F14 -> 0 | F17: =Sheet2!G14 -> 0 | G17: =Sheet2!H14 -> 0 | H17: =Sheet2!I14 -> 0 | I17: =Sheet2!J14 -> 0 | J17: =Sheet2!K14 -> 0 | ... Z17: =Sheet2!AA14 -> 0
B18: Độ rung ngang | C18: =Sheet2!D15 -> 0 | D18: =Sheet2!E15 -> 0 | E18: =Sheet2!F15 -> 0 | F18: =Sheet2!G15 -> 0 | G18: =Sheet2!H15 -> 0 | H18: =Sheet2!I15 -> 0 | I18: =Sheet2!J15 -> 0 | J18: =Sheet2!K15 -> 0 | ... Z18: =Sheet2!AA15 -> 0
A19: Máy nghiền 1B | B19: Nhiệt độ gối đỡ trước | C19: =Sheet2!D16 -> 0 | D19: =Sheet2!E16 -> 0 | E19: =Sheet2!F16 -> 0 | F19: =Sheet2!G16 -> 0 | G19: =Sheet2!H16 -> 0 | H19: =Sheet2!I16 -> 0 | I19: =Sheet2!J16 -> 0 | J19: =Sheet2!K16 -> 0 | ... Z19: =Sheet2!AA16 -> 0
B20: Nhiệt độ gối đỡ sau | C20: =Sheet2!D17 -> 0 | D20: =Sheet2!E17 -> 0 | E20: =Sheet2!F17 -> 0 | F20: =Sheet2!G17 -> 0 | G20: =Sheet2!H17 -> 0 | H20: =Sheet2!I17 -> 0 | I20: =Sheet2!J17 -> 0 | J20: =Sheet2!K17 -> 0 | ... Z20: =Sheet2!AA17 -> 0
B21: Nhiệt độ cuộn dây A | C21: =Sheet2!D18 -> 0 | D21: =Sheet2!E18 -> 0 | E21: =Sheet2!F18 -> 0 | F21: =Sheet2!G18 -> 0 | G21: =Sheet2!H18 -> 0 | H21: =Sheet2!I18 -> 0 | I21: =Sheet2!J18 -> 0 | J21: =Sheet2!K18 -> 0 | ... Z21: =Sheet2!AA18 -> 0
B22: Nhiệt độ cuộn dây B | C22: =Sheet2!D19 -> 0 | D22: =Sheet2!E19 -> 0 | E22: =Sheet2!F19 -> 0 | F22: =Sheet2!G19 -> 0 | G22: =Sheet2!H19 -> 0 | H22: =Sheet2!I19 -> 0 | I22: =Sheet2!J19 -> 0 | J22: =Sheet2!K19 -> 0 | ... Z22: =Sheet2!AA19 -> 0
B23: Nhiệt độ cuộn dây C | C23: =Sheet2!D20 -> 0 | D23: =Sheet2!E20 -> 0 | E23: =Sheet2!F20 -> 0 | F23: =Sheet2!G20 -> 0 | G23: =Sheet2!H20 -> 0 | H23: =Sheet2!I20 -> 0 | I23: =Sheet2!J20 -> 0 | J23: =Sheet2!K20 -> 0 | ... Z23: =Sheet2!AA20 -> 0
B24: Nhiệt độ vòng bi trước | C24: =Sheet2!D21 -> 0 | D24: =Sheet2!E21 -> 0 | E24: =Sheet2!F21 -> 0 | F24: =Sheet2!G21 -> 0 | G24: =Sheet2!H21 -> 0 | H24: =Sheet2!I21 -> 0 | I24: =Sheet2!J21 -> 0 | J24: =Sheet2!K21 -> 0 | ... Z24: =Sheet2!AA21 -> 0
B25: Nhiệt độ vòng bi sau | C25: =Sheet2!D22 -> 0 | D25: =Sheet2!E22 -> 0 | E25: =Sheet2!F22 -> 0 | F25: =Sheet2!G22 -> 0 | G25: =Sheet2!H22 -> 0 | H25: =Sheet2!I22 -> 0 | I25: =Sheet2!J22 -> 0 | J25: =Sheet2!K22 -> 0 | ... Z25: =Sheet2!AA22 -> 0
B26: Dòng điện làm việc | C26: =Sheet2!D23 -> 0 | D26: =Sheet2!E23 -> 0 | E26: =Sheet2!F23 -> 0 | F26: =Sheet2!G23 -> 0 | G26: =Sheet2!H23 -> 0 | H26: =Sheet2!I23 -> 0 | I26: =Sheet2!J23 -> 0 | J26: =Sheet2!K23 -> 0 | ... Z26: =Sheet2!AA23 -> 0
B27: Độ rung dọc | C27: =Sheet2!D24 -> 0 | D27: =Sheet2!E24 -> 0 | E27: =Sheet2!F24 -> 0 | F27: =Sheet2!G24 -> 0 | G27: =Sheet2!H24 -> 0 | H27: =Sheet2!I24 -> 0 | I27: =Sheet2!J24 -> 0 | J27: =Sheet2!K24 -> 0 | ... Z27: =Sheet2!AA24 -> 0
B28: Độ rung ngang | C28: =Sheet2!D25 -> 0 | D28: =Sheet2!E25 -> 0 | E28: =Sheet2!F25 -> 0 | F28: =Sheet2!G25 -> 0 | G28: =Sheet2!H25 -> 0 | H28: =Sheet2!I25 -> 0 | I28: =Sheet2!J25 -> 0 | J28: =Sheet2!K25 -> 0 | ... Z28: =Sheet2!AA25 -> 0
A29: Máy nghiền 1C | B29: Nhiệt độ gối đỡ trước | C29: =Sheet2!D26 -> 0 | D29: =Sheet2!E26 -> 0 | E29: =Sheet2!F26 -> 0 | F29: =Sheet2!G26 -> 0 | G29: =Sheet2!H26 -> 0 | H29: =Sheet2!I26 -> 0 | I29: =Sheet2!J26 -> 0 | J29: =Sheet2!K26 -> 0 | ... Z29: =Sheet2!AA26 -> 0
B30: Nhiệt độ gối đỡ sau | C30: =Sheet2!D27 -> 0 | D30: =Sheet2!E27 -> 0 | E30: =Sheet2!F27 -> 0 | F30: =Sheet2!G27 -> 0 | G30: =Sheet2!H27 -> 0 | H30: =Sheet2!I27 -> 0 | I30: =Sheet2!J27 -> 0 | J30: =Sheet2!K27 -> 0 | ... Z30: =Sheet2!AA27 -> 0
B31: Nhiệt độ cuộn dây A | C31: =Sheet2!D28 -> 0 | D31: =Sheet2!E28 -> 0 | E31: =Sheet2!F28 -> 0 | F31: =Sheet2!G28 -> 0 | G31: =Sheet2!H28 -> 0 | H31: =Sheet2!I28 -> 0 | I31: =Sheet2!J28 -> 0 | J31: =Sheet2!K28 -> 0 | ... Z31: =Sheet2!AA28 -> 0
B32: Nhiệt độ cuộn dây B | C32: =Sheet2!D29 -> 0 | D32: =Sheet2!E29 -> 0 | E32: =Sheet2!F29 -> 0 | F32: =Sheet2!G29 -> 0 | G32: =Sheet2!H29 -> 0 | H32: =Sheet2!I29 -> 0 | I32: =Sheet2!J29 -> 0 | J32: =Sheet2!K29 -> 0 | ... Z32: =Sheet2!AA29 -> 0
B33: Nhiệt độ cuộn dây C | C33: =Sheet2!D30 -> 0 | D33: =Sheet2!E30 -> 0 | E33: =Sheet2!F30 -> 0 | F33: =Sheet2!G30 -> 0 | G33: =Sheet2!H30 -> 0 | H33: =Sheet2!I30 -> 0 | I33: =Sheet2!J30 -> 0 | J33: =Sheet2!K30 -> 0 | ... Z33: =Sheet2!AA30 -> 0
B34: Nhiệt độ vòng bi trước | C34: =Sheet2!D31 -> 0 | D34: =Sheet2!E31 -> 0 | E34: =Sheet2!F31 -> 0 | F34: =Sheet2!G31 -> 0 | G34: =Sheet2!H31 -> 0 | H34: =Sheet2!I31 -> 0 | I34: =Sheet2!J31 -> 0 | J34: =Sheet2!K31 -> 0 | ... Z34: =Sheet2!AA31 -> 0
B35: Nhiệt độ vòng bi sau | C35: =Sheet2!D32 -> 0 | D35: =Sheet2!E32 -> 0 | E35: =Sheet2!F32 -> 0 | F35: =Sheet2!G32 -> 0 | G35: =Sheet2!H32 -> 0 | H35: =Sheet2!I32 -> 0 | I35: =Sheet2!J32 -> 0 | J35: =Sheet2!K32 -> 0 | ... Z35: =Sheet2!AA32 -> 0
B36: Dòng điện làm việc | C36: =Sheet2!D33 -> 0 | D36: =Sheet2!E33 -> 0 | E36: =Sheet2!F33 -> 0 | F36: =Sheet2!G33 -> 0 | G36: =Sheet2!H33 -> 0 | H36: =Sheet2!I33 -> 0 | I36: =Sheet2!J33 -> 0 | J36: =Sheet2!K33 -> 0 | ... Z36: =Sheet2!AA33 -> 0
B37: Độ rung dọc | C37: =Sheet2!D34 -> 0 | D37: =Sheet2!E34 -> 0 | E37: =Sheet2!F34 -> 0 | F37: =Sheet2!G34 -> 0 | G37: =Sheet2!H34 -> 0 | H37: =Sheet2!I34 -> 0 | I37: =Sheet2!J34 -> 0 | J37: =Sheet2!K34 -> 0 | ... Z37: =Sheet2!AA34 -> 0
B38: Độ rung ngang | C38: =Sheet2!D35 -> 0 | D38: =Sheet2!E35 -> 0 | E38: =Sheet2!F35 -> 0 | F38: =Sheet2!G35 -> 0 | G38: =Sheet2!H35 -> 0 | H38: =Sheet2!I35 -> 0 | I38: =Sheet2!J35 -> 0 | J38: =Sheet2!K35 -> 0 | ... Z38: =Sheet2!AA35 -> 0
A39: Máy nghiền 2A | B39: Nhiệt độ gối đỡ trước | C39: =Sheet2!D36 -> 0 | D39: =Sheet2!E36 -> 0 | E39: =Sheet2!F36 -> 0 | F39: =Sheet2!G36 -> 0 | G39: =Sheet2!H36 -> 0 | H39: =Sheet2!I36 -> 0 | I39: =Sheet2!J36 -> 0 | J39: =Sheet2!K36 -> 0 | ... Z39: =Sheet2!AA36 -> 0
B40: Nhiệt độ gối đỡ sau | C40: =Sheet2!D37 -> 0 | D40: =Sheet2!E37 -> 0 | E40: =Sheet2!F37 -> 0 | F40: =Sheet2!G37 -> 0 | G40: =Sheet2!H37 -> 0 | H40: =Sheet2!I37 -> 0 | I40: =Sheet2!J37 -> 0 | J40: =Sheet2!K37 -> 0 | ... Z40: =Sheet2!AA37 -> 0
B41: Nhiệt độ cuộn dây A | C41: =Sheet2!D38 -> 0 | D41: =Sheet2!E38 -> 0 | E41: =Sheet2!F38 -> 0 | F41: =Sheet2!G38 -> 0 | G41: =Sheet2!H38 -> 0 | H41: =Sheet2!I38 -> 0 | I41: =Sheet2!J38 -> 0 | J41: =Sheet2!K38 -> 0 | ... Z41: =Sheet2!AA38 -> 0
B42: Nhiệt độ cuộn dây B | C42: =Sheet2!D39 -> 0 | D42: =Sheet2!E39 -> 0 | E42: =Sheet2!F39 -> 0 | F42: =Sheet2!G39 -> 0 | G42: =Sheet2!H39 -> 0 | H42: =Sheet2!I39 -> 0 | I42: =Sheet2!J39 -> 0 | J42: =Sheet2!K39 -> 0 | ... Z42: =Sheet2!AA39 -> 0
B43: Nhiệt độ cuộn dây C | C43: =Sheet2!D40 -> 0 | D43: =Sheet2!E40 -> 0 | E43: =Sheet2!F40 -> 0 | F43: =Sheet2!G40 -> 0 | G43: =Sheet2!H40 -> 0 | H43: =Sheet2!I40 -> 0 | I43: =Sheet2!J40 -> 0 | J43: =Sheet2!K40 -> 0 | ... Z43: =Sheet2!AA40 -> 0
B44: Nhiệt độ vòng bi trước | C44: =Sheet2!D41 -> 0 | D44: =Sheet2!E41 -> 0 | E44: =Sheet2!F41 -> 0 | F44: =Sheet2!G41 -> 0 | G44: =Sheet2!H41 -> 0 | H44: =Sheet2!I41 -> 0 | I44: =Sheet2!J41 -> 0 | J44: =Sheet2!K41 -> 0 | ... Z44: =Sheet2!AA41 -> 0
B45: Nhiệt độ vòng bi sau | C45: =Sheet2!D42 -> 0 | D45: =Sheet2!E42 -> 0 | E45: =Sheet2!F42 -> 0 | F45: =Sheet2!G42 -> 0 | G45: =Sheet2!H42 -> 0 | H45: =Sheet2!I42 -> 0 | I45: =Sheet2!J42 -> 0 | J45: =Sheet2!K42 -> 0 | ... Z45: =Sheet2!AA42 -> 0
B46: Dòng điện làm việc | C46: =Sheet2!D43 -> 0 | D46: =Sheet2!E43 -> 0 | E46: =Sheet2!F43 -> 0 | F46: =Sheet2!G43 -> 0 | G46: =Sheet2!H43 -> 0 | H46: =Sheet2!I43 -> 0 | I46: =Sheet2!J43 -> 0 | J46: =Sheet2!K43 -> 0 | ... Z46: =Sheet2!AA43 -> 0
B47: Độ rung dọc | C47: =Sheet2!D44 -> 0 | D47: =Sheet2!E44 -> 0 | E47: =Sheet2!F44 -> 0 | F47: =Sheet2!G44 -> 0 | G47: =Sheet2!H44 -> 0 | H47: =Sheet2!I44 -> 0 | I47: =Sheet2!J44 -> 0 | J47: =Sheet2!K44 -> 0 | ... Z47: =Sheet2!AA44 -> 0
B48: Độ rung ngang | C48: =Sheet2!D45 -> 0 | D48: =Sheet2!E45 -> 0 | E48: =Sheet2!F45 -> 0 | F48: =Sheet2!G45 -> 0 | G48: =Sheet2!H45 -> 0 | H48: =Sheet2!I45 -> 0 | I48: =Sheet2!J45 -> 0 | J48: =Sheet2!K45 -> 0 | ... Z48: =Sheet2!AA45 -> 0
A49: Máy nghiền 2B | B49: Nhiệt độ gối đỡ trước | C49: =Sheet2!D46 -> 0 | D49: =Sheet2!E46 -> 0 | E49: =Sheet2!F46 -> 0 | F49: =Sheet2!G46 -> 0 | G49: =Sheet2!H46 -> 0 | H49: =Sheet2!I46 -> 0 | I49: =Sheet2!J46 -> 0 | J49: =Sheet2!K46 -> 0 | ... Z49: =Sheet2!AA46 -> 0
B50: Nhiệt độ gối đỡ sau | C50: =Sheet2!D47 -> 0 | D50: =Sheet2!E47 -> 0 | E50: =Sheet2!F47 -> 0 | F50: =Sheet2!G47 -> 0 | G50: =Sheet2!H47 -> 0 | H50: =Sheet2!I47 -> 0 | I50: =Sheet2!J47 -> 0 | J50: =Sheet2!K47 -> 0 | ... Z50: =Sheet2!AA47 -> 0
B51: Nhiệt độ cuộn dây A | C51: =Sheet2!D48 -> 0 | D51: =Sheet2!E48 -> 0 | E51: =Sheet2!F48 -> 0 | F51: =Sheet2!G48 -> 0 | G51: =Sheet2!H48 -> 0 | H51: =Sheet2!I48 -> 0 | I51: =Sheet2!J48 -> 0 | J51: =Sheet2!K48 -> 0 | ... Z51: =Sheet2!AA48 -> 0
B52: Nhiệt độ cuộn dây B | C52: =Sheet2!D49 -> 0 | D52: =Sheet2!E49 -> 0 | E52: =Sheet2!F49 -> 0 | F52: =Sheet2!G49 -> 0 | G52: =Sheet2!H49 -> 0 | H52: =Sheet2!I49 -> 0 | I52: =Sheet2!J49 -> 0 | J52: =Sheet2!K49 -> 0 | ... Z52: =Sheet2!AA49 -> 0
B53: Nhiệt độ cuộn dây C | C53: =Sheet2!D50 -> 0 | D53: =Sheet2!E50 -> 0 | E53: =Sheet2!F50 -> 0 | F53: =Sheet2!G50 -> 0 | G53: =Sheet2!H50 -> 0 | H53: =Sheet2!I50 -> 0 | I53: =Sheet2!J50 -> 0 | J53: =Sheet2!K50 -> 0 | ... Z53: =Sheet2!AA50 -> 0
B54: Nhiệt độ vòng bi trước | C54: =Sheet2!D51 -> 0 | D54: =Sheet2!E51 -> 0 | E54: =Sheet2!F51 -> 0 | F54: =Sheet2!G51 -> 0 | G54: =Sheet2!H51 -> 0 | H54: =Sheet2!I51 -> 0 | I54: =Sheet2!J51 -> 0 | J54: =Sheet2!K51 -> 0 | ... Z54: =Sheet2!AA51 -> 0
B55: Nhiệt độ vòng bi sau | C55: =Sheet2!D52 -> 0 | D55: =Sheet2!E52 -> 0 | E55: =Sheet2!F52 -> 0 | F55: =Sheet2!G52 -> 0 | G55: =Sheet2!H52 -> 0 | H55: =Sheet2!I52 -> 0 | I55: =Sheet2!J52 -> 0 | J55: =Sheet2!K52 -> 0 | ... Z55: =Sheet2!AA52 -> 0
B56: Dòng điện làm việc | C56: =Sheet2!D53 -> 0 | D56: =Sheet2!E53 -> 0 | E56: =Sheet2!F53 -> 0 | F56: =Sheet2!G53 -> 0 | G56: =Sheet2!H53 -> 0 | H56: =Sheet2!I53 -> 0 | I56: =Sheet2!J53 -> 0 | J56: =Sheet2!K53 -> 0 | ... Z56: =Sheet2!AA53 -> 0
B57: Độ rung dọc | C57: =Sheet2!D54 -> 0 | D57: =Sheet2!E54 -> 0 | E57: =Sheet2!F54 -> 0 | F57: =Sheet2!G54 -> 0 | G57: =Sheet2!H54 -> 0 | H57: =Sheet2!I54 -> 0 | I57: =Sheet2!J54 -> 0 | J57: =Sheet2!K54 -> 0 | ... Z57: =Sheet2!AA54 -> 0
B58: Độ rung ngang | C58: =Sheet2!D55 -> 0 | D58: =Sheet2!E55 -> 0 | E58: =Sheet2!F55 -> 0 | F58: =Sheet2!G55 -> 0 | G58: =Sheet2!H55 -> 0 | H58: =Sheet2!I55 -> 0 | I58: =Sheet2!J55 -> 0 | J58: =Sheet2!K55 -> 0 | ... Z58: =Sheet2!AA55 -> 0
A59: Máy nghiền 2C | B59: Nhiệt độ gối đỡ trước | C59: =Sheet2!D56 -> 0 | D59: =Sheet2!E56 -> 0 | E59: =Sheet2!F56 -> 0 | F59: =Sheet2!G56 -> 0 | G59: =Sheet2!H56 -> 0 | H59: =Sheet2!I56 -> 0 | I59: =Sheet2!J56 -> 0 | J59: =Sheet2!K56 -> 0 | ... Z59: =Sheet2!AA56 -> 0
B60: Nhiệt độ gối đỡ sau | C60: =Sheet2!D57 -> 0 | D60: =Sheet2!E57 -> 0 | E60: =Sheet2!F57 -> 0 | F60: =Sheet2!G57 -> 0 | G60: =Sheet2!H57 -> 0 | H60: =Sheet2!I57 -> 0 | I60: =Sheet2!J57 -> 0 | J60: =Sheet2!K57 -> 0 | ... Z60: =Sheet2!AA57 -> 0
B61: Nhiệt độ cuộn dây A | C61: =Sheet2!D58 -> 0 | D61: =Sheet2!E58 -> 0 | E61: =Sheet2!F58 -> 0 | F61: =Sheet2!G58 -> 0 | G61: =Sheet2!H58 -> 0 | H61: =Sheet2!I58 -> 0 | I61: =Sheet2!J58 -> 0 | J61: =Sheet2!K58 -> 0 | ... Z61: =Sheet2!AA58 -> 0
B62: Nhiệt độ cuộn dây B | C62: =Sheet2!D59 -> 0 | D62: =Sheet2!E59 -> 0 | E62: =Sheet2!F59 -> 0 | F62: =Sheet2!G59 -> 0 | G62: =Sheet2!H59 -> 0 | H62: =Sheet2!I59 -> 0 | I62: =Sheet2!J59 -> 0 | J62: =Sheet2!K59 -> 0 | ... Z62: =Sheet2!AA59 -> 0
B63: Nhiệt độ cuộn dây C | C63: =Sheet2!D60 -> 0 | D63: =Sheet2!E60 -> 0 | E63: =Sheet2!F60 -> 0 | F63: =Sheet2!G60 -> 0 | G63: =Sheet2!H60 -> 0 | H63: =Sheet2!I60 -> 0 | I63: =Sheet2!J60 -> 0 | J63: =Sheet2!K60 -> 0 | ... Z63: =Sheet2!AA60 -> 0
B64: Nhiệt độ vòng bi trước | C64: =Sheet2!D61 -> 0 | D64: =Sheet2!E61 -> 0 | E64: =Sheet2!F61 -> 0 | F64: =Sheet2!G61 -> 0 | G64: =Sheet2!H61 -> 0 | H64: =Sheet2!I61 -> 0 | I64: =Sheet2!J61 -> 0 | J64: =Sheet2!K61 -> 0 | ... Z64: =Sheet2!AA61 -> 0
B65: Nhiệt độ vòng bi sau | C65: =Sheet2!D62 -> 0 | D65: =Sheet2!E62 -> 0 | E65: =Sheet2!F62 -> 0 | F65: =Sheet2!G62 -> 0 | G65: =Sheet2!H62 -> 0 | H65: =Sheet2!I62 -> 0 | I65: =Sheet2!J62 -> 0 | J65: =Sheet2!K62 -> 0 | ... Z65: =Sheet2!AA62 -> 0
B66: Dòng điện làm việc | C66: =Sheet2!D63 -> 0 | D66: =Sheet2!E63 -> 0 | E66: =Sheet2!F63 -> 0 | F66: =Sheet2!G63 -> 0 | G66: =Sheet2!H63 -> 0 | H66: =Sheet2!I63 -> 0 | I66: =Sheet2!J63 -> 0 | J66: =Sheet2!K63 -> 0 | ... Z66: =Sheet2!AA63 -> 0
B67: Độ rung dọc | C67: =Sheet2!D64 -> 0 | D67: =Sheet2!E64 -> 0 | E67: =Sheet2!F64 -> 0 | F67: =Sheet2!G64 -> 0 | G67: =Sheet2!H64 -> 0 | H67: =Sheet2!I64 -> 0 | I67: =Sheet2!J64 -> 0 | J67: =Sheet2!K64 -> 0 | ... Z67: =Sheet2!AA64 -> 0
B68: Độ rung ngang | C68: =Sheet2!D65 -> 0 | D68: =Sheet2!E65 -> 0 | E68: =Sheet2!F65 -> 0 | F68: =Sheet2!G65 -> 0 | G68: =Sheet2!H65 -> 0 | H68: =Sheet2!I65 -> 0 | I68: =Sheet2!J65 -> 0 | J68: =Sheet2!K65 -> 0 | ... Z68: =Sheet2!AA65 -> 0
A69: Máy nghiền 3A | B69: Nhiệt độ gối đỡ trước | C69: =Sheet2!D66 -> 0 | D69: =Sheet2!E66 -> 0 | E69: =Sheet2!F66 -> 0 | F69: =Sheet2!G66 -> 0 | G69: =Sheet2!H66 -> 0 | H69: =Sheet2!I66 -> 0 | I69: =Sheet2!J66 -> 0 | J69: =Sheet2!K66 -> 0 | ... Z69: =Sheet2!AA66 -> 0
B70: Nhiệt độ gối đỡ sau | C70: =Sheet2!D67 -> 0 | D70: =Sheet2!E67 -> 0 | E70: =Sheet2!F67 -> 0 | F70: =Sheet2!G67 -> 0 | G70: =Sheet2!H67 -> 0 | H70: =Sheet2!I67 -> 0 | I70: =Sheet2!J67 -> 0 | J70: =Sheet2!K67 -> 0 | ... Z70: =Sheet2!AA67 -> 0
B71: Nhiệt độ cuộn dây A | C71: =Sheet2!D68 -> 0 | D71: =Sheet2!E68 -> 0 | E71: =Sheet2!F68 -> 0 | F71: =Sheet2!G68 -> 0 | G71: =Sheet2!H68 -> 0 | H71: =Sheet2!I68 -> 0 | I71: =Sheet2!J68 -> 0 | J71: =Sheet2!K68 -> 0 | ... Z71: =Sheet2!AA68 -> 0
B72: Nhiệt độ cuộn dây B | C72: =Sheet2!D69 -> 0 | D72: =Sheet2!E69 -> 0 | E72: =Sheet2!F69 -> 0 | F72: =Sheet2!G69 -> 0 | G72: =Sheet2!H69 -> 0 | H72: =Sheet2!I69 -> 0 | I72: =Sheet2!J69 -> 0 | J72: =Sheet2!K69 -> 0 | ... Z72: =Sheet2!AA69 -> 0
B73: Nhiệt độ cuộn dây C | C73: =Sheet2!D70 -> 0 | D73: =Sheet2!E70 -> 0 | E73: =Sheet2!F70 -> 0 | F73: =Sheet2!G70 -> 0 | G73: =Sheet2!H70 -> 0 | H73: =Sheet2!I70 -> 0 | I73: =Sheet2!J70 -> 0 | J73: =Sheet2!K70 -> 0 | ... Z73: =Sheet2!AA70 -> 0
B74: Nhiệt độ vòng bi trước | C74: =Sheet2!D71 -> 0 | D74: =Sheet2!E71 -> 0 | E74: =Sheet2!F71 -> 0 | F74: =Sheet2!G71 -> 0 | G74: =Sheet2!H71 -> 0 | H74: =Sheet2!I71 -> 0 | I74: =Sheet2!J71 -> 0 | J74: =Sheet2!K71 -> 0 | ... Z74: =Sheet2!AA71 -> 0
B75: Nhiệt độ vòng bi sau | C75: =Sheet2!D72 -> 0 | D75: =Sheet2!E72 -> 0 | E75: =Sheet2!F72 -> 0 | F75: =Sheet2!G72 -> 0 | G75: =Sheet2!H72 -> 0 | H75: =Sheet2!I72 -> 0 | I75: =Sheet2!J72 -> 0 | J75: =Sheet2!K72 -> 0 | ... Z75: =Sheet2!AA72 -> 0
B76: Dòng điện làm việc | C76: =Sheet2!D73 -> 0 | D76: =Sheet2!E73 -> 0 | E76: =Sheet2!F73 -> 0 | F76: =Sheet2!G73 -> 0 | G76: =Sheet2!H73 -> 0 | H76: =Sheet2!I73 -> 0 | I76: =Sheet2!J73 -> 0 | J76: =Sheet2!K73 -> 0 | ... Z76: =Sheet2!AA73 -> 0
B77: Độ rung dọc | C77: =Sheet2!D74 -> 0 | D77: =Sheet2!E74 -> 0 | E77: =Sheet2!F74 -> 0 | F77: =Sheet2!G74 -> 0 | G77: =Sheet2!H74 -> 0 | H77: =Sheet2!I74 -> 0 | I77: =Sheet2!J74 -> 0 | J77: =Sheet2!K74 -> 0 | ... Z77: =Sheet2!AA74 -> 0
B78: Độ rung ngang | C78: =Sheet2!D75 -> 0 | D78: =Sheet2!E75 -> 0 | E78: =Sheet2!F75 -> 0 | F78: =Sheet2!G75 -> 0 | G78: =Sheet2!H75 -> 0 | H78: =Sheet2!I75 -> 0 | I78: =Sheet2!J75 -> 0 | J78: =Sheet2!K75 -> 0 | ... Z78: =Sheet2!AA75 -> 0
A79: Máy nghiền 3B | B79: Nhiệt độ gối đỡ trước | C79: =Sheet2!D76 -> 0 | D79: =Sheet2!E76 -> 0 | E79: =Sheet2!F76 -> 0 | F79: =Sheet2!G76 -> 0 | G79: =Sheet2!H76 -> 0 | H79: =Sheet2!I76 -> 0 | I79: =Sheet2!J76 -> 0 | J79: =Sheet2!K76 -> 0 | ... Z79: =Sheet2!AA76 -> 0
B80: Nhiệt độ gối đỡ sau | C80: =Sheet2!D77 -> 0 | D80: =Sheet2!E77 -> 0 | E80: =Sheet2!F77 -> 0 | F80: =Sheet2!G77 -> 0 | G80: =Sheet2!H77 -> 0 | H80: =Sheet2!I77 -> 0 | I80: =Sheet2!J77 -> 0 | J80: =Sheet2!K77 -> 0 | ... Z80: =Sheet2!AA77 -> 0
B81: Nhiệt độ cuộn dây A | C81: =Sheet2!D78 -> 0 | D81: =Sheet2!E78 -> 0 | E81: =Sheet2!F78 -> 0 | F81: =Sheet2!G78 -> 0 | G81: =Sheet2!H78 -> 0 | H81: =Sheet2!I78 -> 0 | I81: =Sheet2!J78 -> 0 | J81: =Sheet2!K78 -> 0 | ... Z81: =Sheet2!AA78 -> 0
B82: Nhiệt độ cuộn dây B | C82: =Sheet2!D79 -> 0 | D82: =Sheet2!E79 -> 0 | E82: =Sheet2!F79 -> 0 | F82: =Sheet2!G79 -> 0 | G82: =Sheet2!H79 -> 0 | H82: =Sheet2!I79 -> 0 | I82: =Sheet2!J79 -> 0 | J82: =Sheet2!K79 -> 0 | ... Z82: =Sheet2!AA79 -> 0
B83: Nhiệt độ cuộn dây C | C83: =Sheet2!D80 -> 0 | D83: =Sheet2!E80 -> 0 | E83: =Sheet2!F80 -> 0 | F83: =Sheet2!G80 -> 0 | G83: =Sheet2!H80 -> 0 | H83: =Sheet2!I80 -> 0 | I83: =Sheet2!J80 -> 0 | J83: =Sheet2!K80 -> 0 | ... Z83: =Sheet2!AA80 -> 0
B84: Nhiệt độ vòng bi trước | C84: =Sheet2!D81 -> 0 | D84: =Sheet2!E81 -> 0 | E84: =Sheet2!F81 -> 0 | F84: =Sheet2!G81 -> 0 | G84: =Sheet2!H81 -> 0 | H84: =Sheet2!I81 -> 0 | I84: =Sheet2!J81 -> 0 | J84: =Sheet2!K81 -> 0 | ... Z84: =Sheet2!AA81 -> 0
B85: Nhiệt độ vòng bi sau | C85: =Sheet2!D82 -> 0 | D85: =Sheet2!E82 -> 0 | E85: =Sheet2!F82 -> 0 | F85: =Sheet2!G82 -> 0 | G85: =Sheet2!H82 -> 0 | H85: =Sheet2!I82 -> 0 | I85: =Sheet2!J82 -> 0 | J85: =Sheet2!K82 -> 0 | ... Z85: =Sheet2!AA82 -> 0
B86: Dòng điện làm việc | C86: =Sheet2!D83 -> 0 | D86: =Sheet2!E83 -> 0 | E86: =Sheet2!F83 -> 0 | F86: =Sheet2!G83 -> 0 | G86: =Sheet2!H83 -> 0 | H86: =Sheet2!I83 -> 0 | I86: =Sheet2!J83 -> 0 | J86: =Sheet2!K83 -> 0 | ... Z86: =Sheet2!AA83 -> 0
B87: Độ rung dọc | C87: =Sheet2!D84 -> 0 | D87: =Sheet2!E84 -> 0 | E87: =Sheet2!F84 -> 0 | F87: =Sheet2!G84 -> 0 | G87: =Sheet2!H84 -> 0 | H87: =Sheet2!I84 -> 0 | I87: =Sheet2!J84 -> 0 | J87: =Sheet2!K84 -> 0 | ... Z87: =Sheet2!AA84 -> 0
B88: Độ rung ngang | C88: =Sheet2!D85 -> 0 | D88: =Sheet2!E85 -> 0 | E88: =Sheet2!F85 -> 0 | F88: =Sheet2!G85 -> 0 | G88: =Sheet2!H85 -> 0 | H88: =Sheet2!I85 -> 0 | I88: =Sheet2!J85 -> 0 | J88: =Sheet2!K85 -> 0 | ... Z88: =Sheet2!AA85 -> 0
A89: Máy nghiền 3C | B89: Nhiệt độ gối đỡ trước | C89: =Sheet2!D86 -> 0 | D89: =Sheet2!E86 -> 0 | E89: =Sheet2!F86 -> 0 | F89: =Sheet2!G86 -> 0 | G89: =Sheet2!H86 -> 0 | H89: =Sheet2!I86 -> 0 | I89: =Sheet2!J86 -> 0 | J89: =Sheet2!K86 -> 0 | ... Z89: =Sheet2!AA86 -> 0
B90: Nhiệt độ gối đỡ sau | C90: =Sheet2!D87 -> 0 | D90: =Sheet2!E87 -> 0 | E90: =Sheet2!F87 -> 0 | F90: =Sheet2!G87 -> 0 | G90: =Sheet2!H87 -> 0 | H90: =Sheet2!I87 -> 0 | I90: =Sheet2!J87 -> 0 | J90: =Sheet2!K87 -> 0 | ... Z90: =Sheet2!AA87 -> 0
B91: Nhiệt độ cuộn dây A | C91: =Sheet2!D88 -> 0 | D91: =Sheet2!E88 -> 0 | E91: =Sheet2!F88 -> 0 | F91: =Sheet2!G88 -> 0 | G91: =Sheet2!H88 -> 0 | H91: =Sheet2!I88 -> 0 | I91: =Sheet2!J88 -> 0 | J91: =Sheet2!K88 -> 0 | ... Z91: =Sheet2!AA88 -> 0
B92: Nhiệt độ cuộn dây B | C92: =Sheet2!D89 -> 0 | D92: =Sheet2!E89 -> 0 | E92: =Sheet2!F89 -> 0 | F92: =Sheet2!G89 -> 0 | G92: =Sheet2!H89 -> 0 | H92: =Sheet2!I89 -> 0 | I92: =Sheet2!J89 -> 0 | J92: =Sheet2!K89 -> 0 | ... Z92: =Sheet2!AA89 -> 0
B93: Nhiệt độ cuộn dây C | C93: =Sheet2!D90 -> 0 | D93: =Sheet2!E90 -> 0 | E93: =Sheet2!F90 -> 0 | F93: =Sheet2!G90 -> 0 | G93: =Sheet2!H90 -> 0 | H93: =Sheet2!I90 -> 0 | I93: =Sheet2!J90 -> 0 | J93: =Sheet2!K90 -> 0 | ... Z93: =Sheet2!AA90 -> 0
B94: Nhiệt độ vòng bi trước | C94: =Sheet2!D91 -> 0 | D94: =Sheet2!E91 -> 0 | E94: =Sheet2!F91 -> 0 | F94: =Sheet2!G91 -> 0 | G94: =Sheet2!H91 -> 0 | H94: =Sheet2!I91 -> 0 | I94: =Sheet2!J91 -> 0 | J94: =Sheet2!K91 -> 0 | ... Z94: =Sheet2!AA91 -> 0
B95: Nhiệt độ vòng bi sau | C95: =Sheet2!D92 -> 0 | D95: =Sheet2!E92 -> 0 | E95: =Sheet2!F92 -> 0 | F95: =Sheet2!G92 -> 0 | G95: =Sheet2!H92 -> 0 | H95: =Sheet2!I92 -> 0 | I95: =Sheet2!J92 -> 0 | J95: =Sheet2!K92 -> 0 | ... Z95: =Sheet2!AA92 -> 0
B96: Dòng điện làm việc | C96: =Sheet2!D93 -> 0 | D96: =Sheet2!E93 -> 0 | E96: =Sheet2!F93 -> 0 | F96: =Sheet2!G93 -> 0 | G96: =Sheet2!H93 -> 0 | H96: =Sheet2!I93 -> 0 | I96: =Sheet2!J93 -> 0 | J96: =Sheet2!K93 -> 0 | ... Z96: =Sheet2!AA93 -> 0
B97: Độ rung dọc | C97: =Sheet2!D94 -> 0 | D97: =Sheet2!E94 -> 0 | E97: =Sheet2!F94 -> 0 | F97: =Sheet2!G94 -> 0 | G97: =Sheet2!H94 -> 0 | H97: =Sheet2!I94 -> 0 | I97: =Sheet2!J94 -> 0 | J97: =Sheet2!K94 -> 0 | ... Z97: =Sheet2!AA94 -> 0
B98: Độ rung ngang | C98: =Sheet2!D95 -> 0 | D98: =Sheet2!E95 -> 0 | E98: =Sheet2!F95 -> 0 | F98: =Sheet2!G95 -> 0 | G98: =Sheet2!H95 -> 0 | H98: =Sheet2!I95 -> 0 | I98: =Sheet2!J95 -> 0 | J98: =Sheet2!K95 -> 0 | ... Z98: =Sheet2!AA95 -> 0
B99: Ghi chú: | C99: …............................................................................................................................... | O99: …...............................................................................................................................
C100: …............................................................................................................................... | O100: …...............................................................................................................................
C101: …............................................................................................................................... | O101: …...............................................................................................................................
K103: Người theo dõi | W103: Người theo dõi

Sheet Sheet2
R1: BM.03/HD.05.62-19
E2: SỔ THEO DÕI THÔNG SỐ VẬN HÀNH ĐIỀU KHIỂN TRUNG TÂM CDQ1 | R2: Ngày hiệu lực: 10/10/2023
R4: Ngày ……tháng…..năm ….
A5: Vị trí đo/ Thời gian | C5: Kí hiệu | D5: 0.33333333 | E5: 0.375 | F5: 0.41666667 | G5: 0.45833333 | H5: 0.5 | I5: 0.54166667 | J5: 0.58333333 | K5: 0.625 | L5: 0.66666667 | M5: 0.70833333 | N5: 0.75 | O5: 0.79166667 | P5: 0.83333333 | Q5: 0.875 | R5: 0.91666667 | S5: 0.95833333 | T5: 0 | U5: 0.041666667 | V5: 0.083333333 | W5: 0.125 | X5: 0.16666667 | Y5: 0.20833333 | Z5: 0.25 | AA5: 0.29166667
A6: Máy nghiền 1A | B6: Nhiệt độ gối đỡ trước | C6: 1A_NDGOITRC
B7: Nhiệt độ gối đỡ sau | C7: 1A_NDGOISAU
B8: Nhiệt độ cuộn dây A | C8: 1A_NDCDA
B9: Nhiệt độ cuộn dây B | C9: 1A_NDCDB
B10: Nhiệt độ cuộn dây C | C10: 1A_NDCDC
B11: Nhiệt độ vòng bi trước | C11: 1A_NDVBTRC
B12: Nhiệt độ vòng bi sau | C12: 1A_NDVBSAU
B13: Dòng điện làm việc | C13: 1A_DONGDIEN
B14: Độ rung dọc | C14: 1A_RUNGDOC
B15: Độ rung ngang | C15: 1A_RUNGNGANG
A16: Máy nghiền 1B | B16: Nhiệt độ gối đỡ trước | C16: 1B_NDGOITRC
B17: Nhiệt độ gối đỡ sau | C17: 1B_NDGOISAU
B18: Nhiệt độ cuộn dây A | C18: 1B_NDCDA
B19: Nhiệt độ cuộn dây B | C19: 1B_NDCDB
B20: Nhiệt độ cuộn dây C | C20: 1B_NDCDC
B21: Nhiệt độ vòng bi trước | C21: 1B_NDVBTRC
B22: Nhiệt độ vòng bi sau | C22: 1B_NDVBSAU
B23: Dòng điện làm việc | C23: 1B_DONGDIEN
B24: Độ rung dọc | C24: 1B_RUNGDOC
B25: Độ rung ngang | C25: 1B_RUNGNGANG
A26: Máy nghiền 1C | B26: Nhiệt độ gối đỡ trước | C26: 1C_NDGOITRC | AC26: =OFFSET(Sheet2!$D$6,0,ROW(A1)-1) -> 0
B27: Nhiệt độ gối đỡ sau | C27: 1C_NDGOISAU
B28: Nhiệt độ cuộn dây A | C28: 1C_NDCDA
B29: Nhiệt độ cuộn dây B | C29: 1C_NDCDB
B30: Nhiệt độ cuộn dây C | C30: 1C_NDCDC
B31: Nhiệt độ vòng bi trước | C31: 1C_NDVBTRC
B32: Nhiệt độ vòng bi sau | C32: 1C_NDVBSAU
B33: Dòng điện làm việc | C33: 1C_DONGDIEN
B34: Độ rung dọc | C34: 1C_RUNGDOC
B35: Độ rung ngang | C35: 1C_RUNGNGANG
A36: Máy nghiền 2A | B36: Nhiệt độ gối đỡ trước | C36: 2A_NDGOITRC
B37: Nhiệt độ gối đỡ sau | C37: 2A_NDGOISAU
B38: Nhiệt độ cuộn dây A | C38: 2A_NDCDA
B39: Nhiệt độ cuộn dây B | C39: 2A_NDCDB
B40: Nhiệt độ cuộn dây C | C40: 2A_NDCDC
B41: Nhiệt độ vòng bi trước | C41: 2A_NDVBTRC
B42: Nhiệt độ vòng bi sau | C42: 2A_NDVBSAU
B43: Dòng điện làm việc | C43: 2A_DONGDIEN
B44: Độ rung dọc | C44: 2A_RUNGDOC
B45: Độ rung ngang | C45: 2A_RUNGNGANG
A46: Máy nghiền 2B | B46: Nhiệt độ gối đỡ trước | C46: 2B_NDGOITRC
B47: Nhiệt độ gối đỡ sau | C47: 2B_NDGOISAU
B48: Nhiệt độ cuộn dây A | C48: 2B_NDCDA
B49: Nhiệt độ cuộn dây B | C49: 2B_NDCDB
B50: Nhiệt độ cuộn dây C | C50: 2B_NDCDC
B51: Nhiệt độ vòng bi trước | C51: 2B_NDVBTRC
B52: Nhiệt độ vòng bi sau | C52: 2B_NDVBSAU
B53: Dòng điện làm việc | C53: 2B_DONGDIEN
B54: Độ rung dọc | C54: 2B_RUNGDOC
B55: Độ rung ngang | C55: 2B_RUNGNGANG
A56: Máy nghiền 2C | B56: Nhiệt độ gối đỡ trước | C56: 2C_NDGOITRC
B57: Nhiệt độ gối đỡ sau | C57: 2C_NDGOISAU
B58: Nhiệt độ cuộn dây A | C58: 2C_NDCDA
B59: Nhiệt độ cuộn dây B | C59: 2C_NDCDB
B60: Nhiệt độ cuộn dây C | C60: 2C_NDCDC
B61: Nhiệt độ vòng bi trước | C61: 2C_NDVBTRC
B62: Nhiệt độ vòng bi sau | C62: 2C_NDVBSAU
B63: Dòng điện làm việc | C63: 2C_DONGDIEN
B64: Độ rung dọc | C64: 2C_RUNGDOC
B65: Độ rung ngang | C65: 2C_RUNGNGANG
A66: Máy nghiền 3A | B66: Nhiệt độ gối đỡ trước | C66: 3A_NDGOITRC
B67: Nhiệt độ gối đỡ sau | C67: 3A_NDGOISAU
B68: Nhiệt độ cuộn dây A | C68: 3A_NDCDA
B69: Nhiệt độ cuộn dây B | C69: 3A_NDCDB
B70: Nhiệt độ cuộn dây C | C70: 3A_NDCDC
B71: Nhiệt độ vòng bi trước | C71: 3A_NDVBTRC
B72: Nhiệt độ vòng bi sau | C72: 3A_NDVBSAU
B73: Dòng điện làm việc | C73: 3A_DONGDIEN
B74: Độ rung dọc | C74: 3A_RUNGDOC
B75: Độ rung ngang | C75: 3A_RUNGNGANG
A76: Máy nghiền 3B | B76: Nhiệt độ gối đỡ trước | C76: 3B_NDGOITRC
B77: Nhiệt độ gối đỡ sau | C77: 3B_NDGOISAU
B78: Nhiệt độ cuộn dây A | C78: 3B_NDCDA
B79: Nhiệt độ cuộn dây B | C79: 3B_NDCDB
B80: Nhiệt độ cuộn dây C | C80: 3B_NDCDC
B81: Nhiệt độ vòng bi trước | C81: 3B_NDVBTRC
B82: Nhiệt độ vòng bi sau | C82: 3B_NDVBSAU
B83: Dòng điện làm việc | C83: 3B_DONGDIEN
B84: Độ rung dọc | C84: 3B_RUNGDOC
B85: Độ rung ngang | C85: 3B_RUNGNGANG
A86: Máy nghiền 3C | B86: Nhiệt độ gối đỡ trước | C86: 3C_NDGOITRC
B87: Nhiệt độ gối đỡ sau | C87: 3C_NDGOISAU
B88: Nhiệt độ cuộn dây A | C88: 3C_NDCDA
B89: Nhiệt độ cuộn dây B | C89: 3C_NDCDB
B90: Nhiệt độ cuộn dây C | C90: 3C_NDCDC
B91: Nhiệt độ vòng bi trước | C91: 3C_NDVBTRC
B92: Nhiệt độ vòng bi sau | C92: 3C_NDVBSAU
B93: Dòng điện làm việc | C93: 3C_DONGDIEN
B94: Độ rung dọc | C94: 3C_RUNGDOC
B95: Độ rung ngang | C95: 3C_RUNGNGANG
