Workbook

Sheet Sheet1
D1: NHẬT KÝ VẬN HÀNH LỌC BỤI MÔI TRƯỜNG | AD1: BM.01/HD.05.56-19
AD2: Ngày hiệu lực: 10/10/2023
I5: Từ…h…ngày…tháng….năm … Đến …h…ngày…tháng… năm …
A6: KÍP | C6: Khu vực: Máng quặng thành phẩm | R6: Khu vực: Trạm trung chuyển 2 3
B7: Hạng mục | C7: Góc mở cửa gió | D7: Nhiệt độ oC | J7: Áp suất | M7: Độ rung | O7: Dòng điện | P7: Nồng độ bụi | R7: Góc mở cửa gió | S7: Nhiệt độ oC | Y7: Áp suất | AB7: Độ rung | AD7: Dòng điện | AE7: Nồng độ bụi
B8: Trị số | D8: Đầu khói vào | E8: Cuộn dây | F8: Gối đỡ động cơ | H8: Gối đỡ quạt gió | J8: Đầu vào | K8: Đầu ra | L8: Chênh áp | M8: Gối đỡ quạt gió | P8: Vào | Q8: Ra | S8: Đầu khói vào | T8: Cuộn dây | U8: Gối đỡ động cơ | W8: Gối đỡ quạt | Y8: Đầu vào | Z8: Đầu ra | AA8: Chênh áp | AB8: Gối đỡ quạt gió | AE8: Vào | AF8: Ra
F9: Trước | G9: Sau | H9: Trước | I9: Sau | M9: Trước x/y | N9: Sau x/y | U9: Trước | V9: Sau | W9: Trước | X9: Sau | AB9: Trước x/y | AC9: Sau x/y
B10: h | C10: % | D10: oC | E10: oC | F10: oC | G10: oC | H10: oC | I10: oC | J10: KPa | K10: KPa | L10: Kpa | M10: mm/s | N10: mm/s | O10: A | P10: mg/Nm3 | Q10: mg/Nm3 | R10: % | S10: oC | T10: oC | U10: oC | V10: oC | W10: oC | X10: oC | Y10: KPa | Z10: KPa | AA10: Kpa | AB10: mm/s | AC10: mm/s | AD10: A | AE10: mg/Nm3 | AF10: mg/Nm3
B11: 0.35416667 | C11: =OFFSET(Sheet2!$F$6,0,ROW(A1)-1) -> 0 | D11: =OFFSET(Sheet2!$F$7,0,ROW(A1)-1) -> 0 | E11: =OFFSET(Sheet2!$F$8,0,ROW(A1)-1) -> 0 | F11: =OFFSET(Sheet2!$F$9,0,ROW(A1)-1) -> 0 | G11: =OFFSET(Sheet2!$F$10,0,ROW(A1)-1) -> 0 | H11: =OFFSET(Sheet2!$F$11,0,ROW(A1)-1) -> 0 | I11: =OFFSET(Sheet2!$F$12,0,ROW(A1)-1) -> 0 | J11: =OFFSET(Sheet2!$F$13,0,ROW(A1)-1) -> 0 | K11: =OFFSET(Sheet2!$F$14,0,ROW(A1)-1) -> 0 | L11: =OFFSET(Sheet2!$F$15,0,ROW(A1)-1) -> 0 | M11: =OFFSET(Sheet2!$F$16,0,ROW(A1)-1) -> 0 | N11: =OFFSET(Sheet2!$F$17,0,ROW(A1)-1) -> 0 | P11: =OFFSET(Sheet2!$F$18,0,ROW(A1)-1) -> 0 | Q11: =OFFSET(Sheet2!$F$19,0,ROW(A1)-1) -> 0 | T11: =OFFSET(Sheet2!$F$20,0,ROW(A1)-1) -> 0 | U11: =OFFSET(Sheet2!$F$21,0,ROW(A1)-1) -> 0 | V11: =OFFSET(Sheet2!$F$22,0,ROW(A1)-1) -> 0 | W11: =OFFSET(Sheet2!$F$23,0,ROW(A1)-1) -> 0 | X11: =OFFSET(Sheet2!$F$24,0,ROW(A1)-1) -> 0 | AB11: =OFFSET(Sheet2!$F$25,0,ROW(A1)-1) -> 0 | AC11: =OFFSET(Sheet2!$F$26,0,ROW(A1)-1) -> 0 | AF11: =OFFSET(Sheet2!$F$27,0,ROW(A1)-1) -> 0
B12: 0.39583333 | C12: =OFFSET(Sheet2!$F$6,0,ROW(A2)-1) -> 0 | D12: =OFFSET(Sheet2!$F$7,0,ROW(A2)-1) -> 0 | E12: =OFFSET(Sheet2!$F$8,0,ROW(A2)-1) -> 0 | F12: =OFFSET(Sheet2!$F$9,0,ROW(A2)-1) -> 0 | G12: =OFFSET(Sheet2!$F$10,0,ROW(A2)-1) -> 0 | H12: =OFFSET(Sheet2!$F$11,0,ROW(A2)-1) -> 0 | I12: =OFFSET(Sheet2!$F$12,0,ROW(A2)-1) -> 0 | J12: =OFFSET(Sheet2!$F$13,0,ROW(A2)-1) -> 0 | K12: =OFFSET(Sheet2!$F$14,0,ROW(A2)-1) -> 0 | L12: =OFFSET(Sheet2!$F$15,0,ROW(A2)-1) -> 0 | M12: =OFFSET(Sheet2!$F$16,0,ROW(A2)-1) -> 0 | N12: =OFFSET(Sheet2!$F$17,0,ROW(A2)-1) -> 0 | P12: =OFFSET(Sheet2!$F$18,0,ROW(A2)-1) -> 0 | Q12: =OFFSET(Sheet2!$F$19,0,ROW(A2)-1) -> 0 | T12: =OFFSET(Sheet2!$F$20,0,ROW(A2)-1) -> 0 | U12: =OFFSET(Sheet2!$F$21,0,ROW(A2)-1) -> 0 | V12: =OFFSET(Sheet2!$F$22,0,ROW(A2)-1) -> 0 | W12: =OFFSET(Sheet2!$F$23,0,ROW(A2)-1) -> 0 | X12: =OFFSET(Sheet2!$F$24,0,ROW(A2)-1) -> 0 | AB12: =OFFSET(Sheet2!$F$25,0,ROW(A2)-1) -> 0 | AC12: =OFFSET(Sheet2!$F$26,0,ROW(A2)-1) -> 0 | AF12: =OFFSET(Sheet2!$F$27,0,ROW(A2)-1) -> 0
B13: 0.4375 | C13: =OFFSET(Sheet2!$F$6,0,ROW(A3)-1) -> 0 | D13: =OFFSET(Sheet2!$F$7,0,ROW(A3)-1) -> 0 | E13: =OFFSET(Sheet2!$F$8,0,ROW(A3)-1) -> 0 | F13: =OFFSET(Sheet2!$F$9,0,ROW(A3)-1) -> 0 | G13: =OFFSET(Sheet2!$F$10,0,ROW(A3)-1) -> 0 | H13: =OFFSET(Sheet2!$F$11,0,ROW(A3)-1) -> 0 | I13: =OFFSET(Sheet2!$F$12,0,ROW(A3)-1) -> 0 | J13: =OFFSET(Sheet2!$F$13,0,ROW(A3)-1) -> 0 | K13: =OFFSET(Sheet2!$F$14,0,ROW(A3)-1) -> 0 | L13: =OFFSET(Sheet2!$F$15,0,ROW(A3)-1) -> 0 | M13: =OFFSET(Sheet2!$F$16,0,ROW(A3)-1) -> 0 | N13: =OFFSET(Sheet2!$F$17,0,ROW(A3)-1) -> 0 | P13: =OFFSET(Sheet2!$F$18,0,ROW(A3)-1) -> 0 | Q13: =OFFSET(Sheet2!$F$19,0,ROW(A3)-1) -> 0 | T13: =OFFSET(Sheet2!$F$20,0,ROW(A3)-1) -> 0 | U13: =OFFSET(Sheet2!$F$21,0,ROW(A3)-1) -> 0 | V13: =OFFSET(Sheet2!$F$22,0,ROW(A3)-1) -> 0 | W13: =OFFSET(Sheet2!$F$23,0,ROW(A3)-1) -> 0 | X13: =OFFSET(Sheet2!$F$24,0,ROW(A3)-1) -> 0 | AB13: =OFFSET(Sheet2!$F$25,0,ROW(A3)-1) -> 0 | AC13: =OFFSET(Sheet2!$F$26,0,ROW(A3)-1) -> 0 | AF13: =OFFSET(Sheet2!$F$27,0,ROW(A3)-1) -> 0
B14: 0.47916667 | C14: =OFFSET(Sheet2!$F$6,0,ROW(A4)-1) -> 0 | D14: =OFFSET(Sheet2!$F$7,0,ROW(A4)-1) -> 0 | E14: =OFFSET(Sheet2!$F$8,0,ROW(A4)-1) -> 0 | F14: =OFFSET(Sheet2!$F$9,0,ROW(A4)-1) -> 0 | G14: =OFFSET(Sheet2!$F$10,0,ROW(A4)-1) -> 0 | H14: =OFFSET(Sheet2!$F$11,0,ROW(A4)-1) -> 0 | I14: =OFFSET(Sheet2!$F$12,0,ROW(A4)-1) -> 0 | J14: =OFFSET(Sheet2!$F$13,0,ROW(A4)-1) -> 0 | K14: =OFFSET(Sheet2!$F$14,0,ROW(A4)-1) -> 0 | L14: =OFFSET(Sheet2!$F$15,0,ROW(A4)-1) -> 0 | M14: =OFFSET(Sheet2!$F$16,0,ROW(A4)-1) -> 0 | N14: =OFFSET(Sheet2!$F$17,0,ROW(A4)-1) -> 0 | P14: =OFFSET(Sheet2!$F$18,0,ROW(A4)-1) -> 0 | Q14: =OFFSET(Sheet2!$F$19,0,ROW(A4)-1) -> 0 | T14: =OFFSET(Sheet2!$F$20,0,ROW(A4)-1) -> 0 | U14: =OFFSET(Sheet2!$F$21,0,ROW(A4)-1) -> 0 | V14: =OFFSET(Sheet2!$F$22,0,ROW(A4)-1) -> 0 | W14: =OFFSET(Sheet2!$F$23,0,ROW(A4)-1) -> 0 | X14: =OFFSET(Sheet2!$F$24,0,ROW(A4)-1) -> 0 | AB14: =OFFSET(Sheet2!$F$25,0,ROW(A4)-1) -> 0 | AC14: =OFFSET(Sheet2!$F$26,0,ROW(A4)-1) -> 0 | AF14: =OFFSET(Sheet2!$F$27,0,ROW(A4)-1) -> 0
B15: 0.52083333 | C15: =OFFSET(Sheet2!$F$6,0,ROW(A5)-1) -> 0 | D15: =OFFSET(Sheet2!$F$7,0,ROW(A5)-1) -> 0 | E15: =OFFSET(Sheet2!$F$8,0,ROW(A5)-1) -> 0 | F15: =OFFSET(Sheet2!$F$9,0,ROW(A5)-1) -> 0 | G15: =OFFSET(Sheet2!$F$10,0,ROW(A5)-1) -> 0 | H15: =OFFSET(Sheet2!$F$11,0,ROW(A5)-1) -> 0 | I15: =OFFSET(Sheet2!$F$12,0,ROW(A5)-1) -> 0 | J15: =OFFSET(Sheet2!$F$13,0,ROW(A5)-1) -> 0 | K15: =OFFSET(Sheet2!$F$14,0,ROW(A5)-1) -> 0 | L15: =OFFSET(Sheet2!$F$15,0,ROW(A5)-1) -> 0 | M15: =OFFSET(Sheet2!$F$16,0,ROW(A5)-1) -> 0 | N15: =OFFSET(Sheet2!$F$17,0,ROW(A5)-1) -> 0 | P15: =OFFSET(Sheet2!$F$18,0,ROW(A5)-1) -> 0 | Q15: =OFFSET(Sheet2!$F$19,0,ROW(A5)-1) -> 0 | T15: =OFFSET(Sheet2!$F$20,0,ROW(A5)-1) -> 0 | U15: =OFFSET(Sheet2!$F$21,0,ROW(A5)-1) -> 0 | V15: =OFFSET(Sheet2!$F$22,0,ROW(A5)-1) -> 0 | W15: =OFFSET(Sheet2!$F$23,0,ROW(A5)-1) -> 0 | X15: =OFFSET(Sheet2!$F$24,0,ROW(A5)-1) -> 0 | AB15: =OFFSET(Sheet2!$F$25,0,ROW(A5)-1) -> 0 | AC15: =OFFSET(Sheet2!$F$26,0,ROW(A5)-1) -> 0 | AF15: =OFFSET(Sheet2!$F$27,0,ROW(A5)-1) -> 0
B16: 0.5625 | C16: =OFFSET(Sheet2!$F$6,0,ROW(A6)-1) -> 0 | D16: =OFFSET(Sheet2!$F$7,0,ROW(A6)-1) -> 0 | E16: =OFFSET(Sheet2!$F$8,0,ROW(A6)-1) -> 0 | F16: =OFFSET(Sheet2!$F$9,0,ROW(A6)-1) -> 0 | G16: =OFFSET(Sheet2!$F$10,0,ROW(A6)-1) -> 0 | H16: =OFFSET(Sheet2!$F$11,0,ROW(A6)-1) -> 0 | I16: =OFFSET(Sheet2!$F$12,0,ROW(A6)-1) -> 0 | J16: =OFFSET(Sheet2!$F$13,0,ROW(A6)-1) -> 0 | K16: =OFFSET(Sheet2!$F$14,0,ROW(A6)-1) -> 0 | L16: =OFFSET(Sheet2!$F$15,0,ROW(A6)-1) -> 0 | M16: =OFFSET(Sheet2!$F$16,0,ROW(A6)-1) -> 0 | N16: =OFFSET(Sheet2!$F$17,0,ROW(A6)-1) -> 0 | P16: =OFFSET(Sheet2!$F$18,0,ROW(A6)-1) -> 0 | Q16: =OFFSET(Sheet2!$F$19,0,ROW(A6)-1) -> 0 | T16: =OFFSET(Sheet2!$F$20,0,ROW(A6)-1) -> 0 | U16: =OFFSET(Sheet2!$F$21,0,ROW(A6)-1) -> 0 | V16: =OFFSET(Sheet2!$F$22,0,ROW(A6)-1) -> 0 | W16: =OFFSET(Sheet2!$F$23,0,ROW(A6)-1) -> 0 | X16: =OFFSET(Sheet2!$F$24,0,ROW(A6)-1) -> 0 | AB16: =OFFSET(Sheet2!$F$25,0,ROW(A6)-1) -> 0 | AC16: =OFFSET(Sheet2!$F$26,0,ROW(A6)-1) -> 0 | AF16: =OFFSET(Sheet2!$F$27,0,ROW(A6)-1) -> 0
B17: 0.60416667 | C17: =OFFSET(Sheet2!$F$6,0,ROW(A7)-1) -> 0 | D17: =OFFSET(Sheet2!$F$7,0,ROW(A7)-1) -> 0 | E17: =OFFSET(Sheet2!$F$8,0,ROW(A7)-1) -> 0 | F17: =OFFSET(Sheet2!$F$9,0,ROW(A7)-1) -> 0 | G17: =OFFSET(Sheet2!$F$10,0,ROW(A7)-1) -> 0 | H17: =OFFSET(Sheet2!$F$11,0,ROW(A7)-1) -> 0 | I17: =OFFSET(Sheet2!$F$12,0,ROW(A7)-1) -> 0 | J17: =OFFSET(Sheet2!$F$13,0,ROW(A7)-1) -> 0 | K17: =OFFSET(Sheet2!$F$14,0,ROW(A7)-1) -> 0 | L17: =OFFSET(Sheet2!$F$15,0,ROW(A7)-1) -> 0 | M17: =OFFSET(Sheet2!$F$16,0,ROW(A7)-1) -> 0 | N17: =OFFSET(Sheet2!$F$17,0,ROW(A7)-1) -> 0 | P17: =OFFSET(Sheet2!$F$18,0,ROW(A7)-1) -> 0 | Q17: =OFFSET(Sheet2!$F$19,0,ROW(A7)-1) -> 0 | T17: =OFFSET(Sheet2!$F$20,0,ROW(A7)-1) -> 0 | U17: =OFFSET(Sheet2!$F$21,0,ROW(A7)-1) -> 0 | V17: =OFFSET(Sheet2!$F$22,0,ROW(A7)-1) -> 0 | W17: =OFFSET(Sheet2!$F$23,0,ROW(A7)-1) -> 0 | X17: =OFFSET(Sheet2!$F$24,0,ROW(A7)-1) -> 0 | AB17: =OFFSET(Sheet2!$F$25,0,ROW(A7)-1) -> 0 | AC17: =OFFSET(Sheet2!$F$26,0,ROW(A7)-1) -> 0 | AF17: =OFFSET(Sheet2!$F$27,0,ROW(A7)-1) -> 0
B18: 0.64583333 | C18: =OFFSET(Sheet2!$F$6,0,ROW(A8)-1) -> 0 | D18: =OFFSET(Sheet2!$F$7,0,ROW(A8)-1) -> 0 | E18: =OFFSET(Sheet2!$F$8,0,ROW(A8)-1) -> 0 | F18: =OFFSET(Sheet2!$F$9,0,ROW(A8)-1) -> 0 | G18: =OFFSET(Sheet2!$F$10,0,ROW(A8)-1) -> 0 | H18: =OFFSET(Sheet2!$F$11,0,ROW(A8)-1) -> 0 | I18: =OFFSET(Sheet2!$F$12,0,ROW(A8)-1) -> 0 | J18: =OFFSET(Sheet2!$F$13,0,ROW(A8)-1) -> 0 | K18: =OFFSET(Sheet2!$F$14,0,ROW(A8)-1) -> 0 | L18: =OFFSET(Sheet2!$F$15,0,ROW(A8)-1) -> 0 | M18: =OFFSET(Sheet2!$F$16,0,ROW(A8)-1) -> 0 | N18: =OFFSET(Sheet2!$F$17,0,ROW(A8)-1) -> 0 | P18: =OFFSET(Sheet2!$F$18,0,ROW(A8)-1) -> 0 | Q18: =OFFSET(Sheet2!$F$19,0,ROW(A8)-1) -> 0 | T18: =OFFSET(Sheet2!$F$20,0,ROW(A8)-1) -> 0 | U18: =OFFSET(Sheet2!$F$21,0,ROW(A8)-1) -> 0 | V18: =OFFSET(Sheet2!$F$22,0,ROW(A8)-1) -> 0 | W18: =OFFSET(Sheet2!$F$23,0,ROW(A8)-1) -> 0 | X18: =OFFSET(Sheet2!$F$24,0,ROW(A8)-1) -> 0 | AB18: =OFFSET(Sheet2!$F$25,0,ROW(A8)-1) -> 0 | AC18: =OFFSET(Sheet2!$F$26,0,ROW(A8)-1) -> 0 | AF18: =OFFSET(Sheet2!$F$27,0,ROW(A8)-1) -> 0
B19: 0.6875 | C19: =OFFSET(Sheet2!$F$6,0,ROW(A9)-1) -> 0 | D19: =OFFSET(Sheet2!$F$7,0,ROW(A9)-1) -> 0 | E19: =OFFSET(Sheet2!$F$8,0,ROW(A9)-1) -> 0 | F19: =OFFSET(Sheet2!$F$9,0,ROW(A9)-1) -> 0 | G19: =OFFSET(Sheet2!$F$10,0,ROW(A9)-1) -> 0 | H19: =OFFSET(Sheet2!$F$11,0,ROW(A9)-1) -> 0 | I19: =OFFSET(Sheet2!$F$12,0,ROW(A9)-1) -> 0 | J19: =OFFSET(Sheet2!$F$13,0,ROW(A9)-1) -> 0 | K19: =OFFSET(Sheet2!$F$14,0,ROW(A9)-1) -> 0 | L19: =OFFSET(Sheet2!$F$15,0,ROW(A9)-1) -> 0 | M19: =OFFSET(Sheet2!$F$16,0,ROW(A9)-1) -> 0 | N19: =OFFSET(Sheet2!$F$17,0,ROW(A9)-1) -> 0 | P19: =OFFSET(Sheet2!$F$18,0,ROW(A9)-1) -> 0 | Q19: =OFFSET(Sheet2!$F$19,0,ROW(A9)-1) -> 0 | T19: =OFFSET(Sheet2!$F$20,0,ROW(A9)-1) -> 0 | U19: =OFFSET(Sheet2!$F$21,0,ROW(A9)-1) -> 0 | V19: =OFFSET(Sheet2!$F$22,0,ROW(A9)-1) -> 0 | W19: =OFFSET(Sheet2!$F$23,0,ROW(A9)-1) -> 0 | X19: =OFFSET(Sheet2!$F$24,0,ROW(A9)-1) -> 0 | AB19: =OFFSET(Sheet2!$F$25,0,ROW(A9)-1) -> 0 | AC19: =OFFSET(Sheet2!$F$26,0,ROW(A9)-1) -> 0 | AF19: =OFFSET(Sheet2!$F$27,0,ROW(A9)-1) -> 0
B20: 0.72916667 | C20: =OFFSET(Sheet2!$F$6,0,ROW(A10)-1) -> 0 | D20: =OFFSET(Sheet2!$F$7,0,ROW(A10)-1) -> 0 | E20: =OFFSET(Sheet2!$F$8,0,ROW(A10)-1) -> 0 | F20: =OFFSET(Sheet2!$F$9,0,ROW(A10)-1) -> 0 | G20: =OFFSET(Sheet2!$F$10,0,ROW(A10)-1) -> 0 | H20: =OFFSET(Sheet2!$F$11,0,ROW(A10)-1) -> 0 | I20: =OFFSET(Sheet2!$F$12,0,ROW(A10)-1) -> 0 | J20: =OFFSET(Sheet2!$F$13,0,ROW(A10)-1) -> 0 | K20: =OFFSET(Sheet2!$F$14,0,ROW(A10)-1) -> 0 | L20: =OFFSET(Sheet2!$F$15,0,ROW(A10)-1) -> 0 | M20: =OFFSET(Sheet2!$F$16,0,ROW(A10)-1) -> 0 | N20: =OFFSET(Sheet2!$F$17,0,ROW(A10)-1) -> 0 | P20: =OFFSET(Sheet2!$F$18,0,ROW(A10)-1) -> 0 | Q20: =OFFSET(Sheet2!$F$19,0,ROW(A10)-1) -> 0 | T20: =OFFSET(Sheet2!$F$20,0,ROW(A10)-1) -> 0 | U20: =OFFSET(Sheet2!$F$21,0,ROW(A10)-1) -> 0 | V20: =OFFSET(Sheet2!$F$22,0,ROW(A10)-1) -> 0 | W20: =OFFSET(Sheet2!$F$23,0,ROW(A10)-1) -> 0 | X20: =OFFSET(Sheet2!$F$24,0,ROW(A10)-1) -> 0 | AB20: =OFFSET(Sheet2!$F$25,0,ROW(A10)-1) -> 0 | AC20: =OFFSET(Sheet2!$F$26,0,ROW(A10)-1) -> 0 | AF20: =OFFSET(Sheet2!$F$27,0,ROW(A10)-1) -> 0
B21: 0.77083333 | C21: =OFFSET(Sheet2!$F$6,0,ROW(A11)-1) -> 0 | D21: =OFFSET(Sheet2!$F$7,0,ROW(A11)-1) -> 0 | E21: =OFFSET(Sheet2!$F$8,0,ROW(A11)-1) -> 0 | F21: =OFFSET(Sheet2!$F$9,0,ROW(A11)-1) -> 0 | G21: =OFFSET(Sheet2!$F$10,0,ROW(A11)-1) -> 0 | H21: =OFFSET(Sheet2!$F$11,0,ROW(A11)-1) -> 0 | I21: =OFFSET(Sheet2!$F$12,0,ROW(A11)-1) -> 0 | J21: =OFFSET(Sheet2!$F$13,0,ROW(A11)-1) -> 0 | K21: =OFFSET(Sheet2!$F$14,0,ROW(A11)-1) -> 0 | L21: =OFFSET(Sheet2!$F$15,0,ROW(A11)-1) -> 0 | M21: =OFFSET(Sheet2!$F$16,0,ROW(A11)-1) -> 0 | N21: =OFFSET(Sheet2!$F$17,0,ROW(A11)-1) -> 0 | P21: =OFFSET(Sheet2!$F$18,0,ROW(A11)-1) -> 0 | Q21: =OFFSET(Sheet2!$F$19,0,ROW(A11)-1) -> 0 | T21: =OFFSET(Sheet2!$F$20,0,ROW(A11)-1) -> 0 | U21: =OFFSET(Sheet2!$F$21,0,ROW(A11)-1) -> 0 | V21: =OFFSET(Sheet2!$F$22,0,ROW(A11)-1) -> 0 | W21: =OFFSET(Sheet2!$F$23,0,ROW(A11)-1) -> 0 | X21: =OFFSET(Sheet2!$F$24,0,ROW(A11)-1) -> 0 | AB21: =OFFSET(Sheet2!$F$25,0,ROW(A11)-1) -> 0 | AC21: =OFFSET(Sheet2!$F$26,0,ROW(A11)-1) -> 0 | AF21: =OFFSET(Sheet2!$F$27,0,ROW(A11)-1) -> 0
B22: 0.8125 | C22: =OFFSET(Sheet2!$F$6,0,ROW(A12)-1) -> 0 | D22: =OFFSET(Sheet2!$F$7,0,ROW(A12)-1) -> 0 | E22: =OFFSET(Sheet2!$F$8,0,ROW(A12)-1) -> 0 | F22: =OFFSET(Sheet2!$F$9,0,ROW(A12)-1) -> 0 | G22: =OFFSET(Sheet2!$F$10,0,ROW(A12)-1) -> 0 | H22: =OFFSET(Sheet2!$F$11,0,ROW(A12)-1) -> 0 | I22: =OFFSET(Sheet2!$F$12,0,ROW(A12)-1) -> 0 | J22: =OFFSET(Sheet2!$F$13,0,ROW(A12)-1) -> 0 | K22: =OFFSET(Sheet2!$F$14,0,ROW(A12)-1) -> 0 | L22: =OFFSET(Sheet2!$F$15,0,ROW(A12)-1) -> 0 | M22: =OFFSET(Sheet2!$F$16,0,ROW(A12)-1) -> 0 | N22: =OFFSET(Sheet2!$F$17,0,ROW(A12)-1) -> 0 | P22: =OFFSET(Sheet2!$F$18,0,ROW(A12)-1) -> 0 | Q22: =OFFSET(Sheet2!$F$19,0,ROW(A12)-1) -> 0 | T22: =OFFSET(Sheet2!$F$20,0,ROW(A12)-1) -> 0 | U22: =OFFSET(Sheet2!$F$21,0,ROW(A12)-1) -> 0 | V22: =OFFSET(Sheet2!$F$22,0,ROW(A12)-1) -> 0 | W22: =OFFSET(Sheet2!$F$23,0,ROW(A12)-1) -> 0 | X22: =OFFSET(Sheet2!$F$24,0,ROW(A12)-1) -> 0 | AB22: =OFFSET(Sheet2!$F$25,0,ROW(A12)-1) -> 0 | AC22: =OFFSET(Sheet2!$F$26,0,ROW(A12)-1) -> 0 | AF22: =OFFSET(Sheet2!$F$27,0,ROW(A12)-1) -> 0
... B34: 0.3125 | C34: =OFFSET(Sheet2!$F$6,0,ROW(A24)-1) -> 0 | D34: =OFFSET(Sheet2!$F$7,0,ROW(A24)-1) -> 0 | E34: =OFFSET(Sheet2!$F$8,0,ROW(A24)-1) -> 0 | F34: =OFFSET(Sheet2!$F$9,0,ROW(A24)-1) -> 0 | G34: =OFFSET(Sheet2!$F$10,0,ROW(A24)-1) -> 0 | H34: =OFFSET(Sheet2!$F$11,0,ROW(A24)-1) -> 0 | I34: =OFFSET(Sheet2!$F$12,0,ROW(A24)-1) -> 0 | J34: =OFFSET(Sheet2!$F$13,0,ROW(A24)-1) -> 0 | K34: =OFFSET(Sheet2!$F$14,0,ROW(A24)-1) -> 0 | L34: =OFFSET(Sheet2!$F$15,0,ROW(A24)-1) -> 0 | M34: =OFFSET(Sheet2!$F$16,0,ROW(A24)-1) -> 0 | N34: =OFFSET(Sheet2!$F$17,0,ROW(A24)-1) -> 0 | P34: =OFFSET(Sheet2!$F$18,0,ROW(A24)-1) -> 0 | Q34: =OFFSET(Sheet2!$F$19,0,ROW(A24)-1) -> 0 | T34: =OFFSET(Sheet2!$F$20,0,ROW(A24)-1) -> 0 | U34: =OFFSET(Sheet2!$F$21,0,ROW(A24)-1) -> 0 | V34: =OFFSET(Sheet2!$F$22,0,ROW(A24)-1) -> 0 | W34: =OFFSET(Sheet2!$F$23,0,ROW(A24)-1) -> 0 | X34: =OFFSET(Sheet2!$F$24,0,ROW(A24)-1) -> 0 | AB34: =OFFSET(Sheet2!$F$25,0,ROW(A24)-1) -> 0 | AC34: =OFFSET(Sheet2!$F$26,0,ROW(A24)-1) -> 0 | AF34: =OFFSET(Sheet2!$F$27,0,ROW(A24)-1) -> 1
B35: Ghi chú:………………………………………………………………………………………………………………………………………………………………………………………………………………………
A36: 08h00 -20h00 | C36: Người giao kíp | J36: Người nhận kíp | Q36: 20h00 -08h00 | S36: Người giao kíp | Z36: Người nhận kíp
C37: Trưởng kíp | J37: Trưởng kíp | S37: Trưởng kíp | Z37: Trưởng kíp
C38: NVVH | J38: NVVH | S38: NVVH | Z38: NVVH

Sheet Sheet2
S1: BM.03/HD.05.62-19
F2: NHẬT KÝ VẬN HÀNH LỌC BỤI MÔI TRƯỜNG | S2: Ngày hiệu lực: 10/10/2023
S4: Ngày ……tháng…..năm ….
A5: Vị trí đo/ Thời gian | E5: Kí hiệu | F5: 0.33333333 | G5: 0.375 | H5: 0.41666667 | I5: 0.45833333 | J5: 0.5 | K5: 0.54166667 | L5: 0.58333333 | M5: 0.625 | N5: 0.66666667 | O5: 0.70833333 | P5: 0.75 | Q5: 0.79166667 | R5: 0.83333333 | S5: 0.875 | T5: 0.91666667 | U5: 0.95833333 | V5: 0 | W5: 0.041666667 | X5: 0.083333333 | Y5: 0.125 | Z5: 0.16666667 | AA5: 0.20833333 | AB5: 0.25 | AC5: 0.29166667
A6: Khu vực: Máng quặng thành phẩm | B6: Góc mở cửa gió | E6: HI1701M
B7: Nhiệt độ oC | C7: Đầu khói vào | E7: TI1701M
C8: Cuộn dây | E8: TI1715cM
C9: Gối đỡ động cơ | D9: Trước | E9: TI1713M
D10: Sau | E10: TI1714M
C11: Gối đỡ quạt gió | D11: Trước | E11: TI1711M
D12: Sau | E12: TI1712M
B13: Áp suất | C13: Đầu vào | E13: PI1701M
C14: Đầu ra | E14: PI1702M
C15: Chênh áp | E15: DP_PI1701M_PI1702M
B16: Độ rung | C16: Gối đỡ quạt gió | D16: Trước x/y | E16: ZI1711aM
D17: Sau x/y | E17: ZI1712aM
B18: Nồng độ bụi | C18: Vào | E18: AI1701M2
C19: Ra | E19: AI1702M
A20: Khu vực: Trạm trung chuyển 2 3 | B20: Nhiệt độ oC | C20: Cuộn dây | E20: NHIETPHA_C
C21: Gối đỡ động cơ | D21: Trước | E21: NHIET_TRUOC_DONGCO
D22: Sau | E22: NHIET_SAU_DONGCO
C23: Gối đỡ quạt gió | D23: Trước | E23: NHIET_GOITRUOC_QUAT
D24: Sau | E24: NHIET_GOISAU_QUAT
B25: Độ rung | C25: Gối đỡ quạt gió | D25: Trước x/y | E25: RUNG_GOITRUOC_QUAT
D26: Sau x/y | E26: RUNG_GOISAU_QUAT
B27: Nồng độ bụi | C27: Ra | E27: NONGDOBUI | AC27: 1
