Workbook

Sheet Sheet1
Z1: BM.13/QT.05.07
Z2: Ngày hiệu lực: 01/06/2023
A4: SỔ THEO DÕI THÔNG SỐ VẬN HÀNH THIẾT BỊ CDQ1 130 TẤN/H
A5: Hạng mục | C5: Kíp …… Ngày …… tháng …… năm 20…… | O5: Kíp …… Ngày …… tháng …… năm 20……
C6: 0.33333333 | D6: 0.375 | E6: 0.41666667 | F6: 0.45833333 | G6: 0.5 | H6: 0.54166667 | I6: 0.58333333 | J6: 0.625 | K6: 0.66666667 | L6: 0.70833333 | M6: 0.75 | N6: 0.79166667 | O6: 0.83333333 | P6: 0.875 | Q6: 0.91666667 | R6: 0.95833333 | S6: 1 | T6: 1.0416667 | U6: 1.0833333 | V6: 1.125 | W6: 1.1666667 | X6: 1.2083333 | Y6: 1.25 | Z6: 1.2916667
A7: Quạt tuần hoàn | B7: Độ rung gối đỡ trước 2VT-14101A (mm/s) | C7: =Sheet2!D6 -> 1 | D7: =Sheet2!E6 -> 1 | E7: =Sheet2!F6 -> 0 | F7: =Sheet2!G6 -> 0 | G7: =Sheet2!H6 -> 0 | H7: =Sheet2!I6 -> 0 | I7: =Sheet2!J6 -> 0 | J7: =Sheet2!K6 -> 0 | ... Z7: =Sheet2!AA6 -> 1
B8: Độ rung gối đỡ sau 2VT-14102A (mm/s) | C8: =Sheet2!D7 -> 0 | D8: =Sheet2!E7 -> 0 | E8: =Sheet2!F7 -> 0 | F8: =Sheet2!G7 -> 0 | G8: =Sheet2!H7 -> 0 | H8: =Sheet2!I7 -> 0 | I8: =Sheet2!J7 -> 0 | J8: =Sheet2!K7 -> 0 | ... Z8: =Sheet2!AA7 -> 0
B9: Nhiệt độ gối đỡ trước 2TE-14114A（℃） | C9: =Sheet2!D8 -> 0 | D9: =Sheet2!E8 -> 0 | E9: =Sheet2!F8 -> 0 | F9: =Sheet2!G8 -> 0 | G9: =Sheet2!H8 -> 0 | H9: =Sheet2!I8 -> 0 | I9: =Sheet2!J8 -> 0 | J9: =Sheet2!K8 -> 0 | ... Z9: =Sheet2!AA8 -> 0
B10: Nhiệt độ gối đỡ sau 2TE-14114B（℃） | C10: =Sheet2!D9 -> 0 | D10: =Sheet2!E9 -> 0 | E10: =Sheet2!F9 -> 0 | F10: =Sheet2!G9 -> 0 | G10: =Sheet2!H9 -> 0 | H10: =Sheet2!I9 -> 0 | I10: =Sheet2!J9 -> 0 | J10: =Sheet2!K9 -> 0 | ... Z10: =Sheet2!AA9 -> 0
B11: Nhiệt độ vòng bi trước 2TE-14115A（℃） | C11: =Sheet2!D10 -> 0 | D11: =Sheet2!E10 -> 0 | E11: =Sheet2!F10 -> 0 | F11: =Sheet2!G10 -> 0 | G11: =Sheet2!H10 -> 0 | H11: =Sheet2!I10 -> 0 | I11: =Sheet2!J10 -> 0 | J11: =Sheet2!K10 -> 0 | ... Z11: =Sheet2!AA10 -> 0
B12: Nhiệt độ vòng bi sau 2TE-14115B（℃） | C12: =Sheet2!D11 -> 0 | D12: =Sheet2!E11 -> 0 | E12: =Sheet2!F11 -> 0 | F12: =Sheet2!G11 -> 0 | G12: =Sheet2!H11 -> 0 | H12: =Sheet2!I11 -> 0 | I12: =Sheet2!J11 -> 0 | J12: =Sheet2!K11 -> 0 | ... Z12: =Sheet2!AA11 -> 0
B13: Nhiệt độ cuộn dây U 2TE-14113A（℃） | C13: =Sheet2!D12 -> 0 | D13: =Sheet2!E12 -> 0 | E13: =Sheet2!F12 -> 0 | F13: =Sheet2!G12 -> 0 | G13: =Sheet2!H12 -> 0 | H13: =Sheet2!I12 -> 0 | I13: =Sheet2!J12 -> 0 | J13: =Sheet2!K12 -> 0 | ... Z13: =Sheet2!AA12 -> 0
B14: Nhiệt độ cuộn dây V 2TE-14113B（℃） | C14: =Sheet2!D13 -> 0 | D14: =Sheet2!E13 -> 0 | E14: =Sheet2!F13 -> 0 | F14: =Sheet2!G13 -> 0 | G14: =Sheet2!H13 -> 0 | H14: =Sheet2!I13 -> 0 | I14: =Sheet2!J13 -> 0 | J14: =Sheet2!K13 -> 0 | ... Z14: =Sheet2!AA13 -> 0
B15: Nhiệt độ cuộn dây W 2TE-14113C（℃） | C15: =Sheet2!D14 -> 0 | D15: =Sheet2!E14 -> 0 | E15: =Sheet2!F14 -> 0 | F15: =Sheet2!G14 -> 0 | G15: =Sheet2!H14 -> 0 | H15: =Sheet2!I14 -> 0 | I15: =Sheet2!J14 -> 0 | J15: =Sheet2!K14 -> 0 | ... Z15: =Sheet2!AA14 -> 0
B16: Tốc độ động cơ (vòng/phút) | C16: =Sheet2!D15 -> 0 | D16: =Sheet2!E15 -> 0 | E16: =Sheet2!F15 -> 0 | F16: =Sheet2!G15 -> 0 | G16: =Sheet2!H15 -> 0 | H16: =Sheet2!I15 -> 0 | I16: =Sheet2!J15 -> 0 | J16: =Sheet2!K15 -> 0 | ... Z16: =Sheet2!AA15 -> 0
B17: Dòng điện động cơ (A) | C17: =Sheet2!D16 -> 0 | D17: =Sheet2!E16 -> 0 | E17: =Sheet2!F16 -> 0 | F17: =Sheet2!G16 -> 0 | G17: =Sheet2!H16 -> 0 | H17: =Sheet2!I16 -> 0 | I17: =Sheet2!J16 -> 0 | J17: =Sheet2!K16 -> 0 | ... Z17: =Sheet2!AA16 -> 0
A18: ` | B18: Nhiệt độ thiết bị đo mức radar 2TT-14118（℃） | C18: =Sheet2!D17 -> 0 | D18: =Sheet2!E17 -> 0 | E18: =Sheet2!F17 -> 0 | F18: =Sheet2!G17 -> 0 | G18: =Sheet2!H17 -> 0 | H18: =Sheet2!I17 -> 0 | I18: =Sheet2!J17 -> 0 | J18: =Sheet2!K17 -> 0 | ... Z18: =Sheet2!AA17 -> 0
B19: Áp suất khí nito cấp vào thiết bị đo mức điện dung LBL1 PIA-14110 (KPa) | C19: =Sheet2!D18 -> 0 | D19: =Sheet2!E18 -> 0 | E19: =Sheet2!F18 -> 0 | F19: =Sheet2!G18 -> 0 | G19: =Sheet2!H18 -> 0 | H19: =Sheet2!I18 -> 0 | I19: =Sheet2!J18 -> 0 | J19: =Sheet2!K18 -> 0 | ... Z19: =Sheet2!AA18 -> 0
B20: Áp suất khí nito cấp vào thiết bị đo mức điện dung LBL2 PIA-14111(KPa) | C20: =Sheet2!D19 -> 0 | D20: =Sheet2!E19 -> 0 | E20: =Sheet2!F19 -> 0 | F20: =Sheet2!G19 -> 0 | G20: =Sheet2!H19 -> 0 | H20: =Sheet2!I19 -> 0 | I20: =Sheet2!J19 -> 0 | J20: =Sheet2!K19 -> 0 | ... Z20: =Sheet2!AA19 -> 0
A21: Ghi chú: | C21: …............................................................................................................................... | O21: …...............................................................................................................................
C22: …............................................................................................................................... | O22: …...............................................................................................................................
C23: …............................................................................................................................... | O23: …...............................................................................................................................
L25: Người theo dõi | X25: Người theo dõi

Sheet Sheet2
R1: BM.03/HD.05.62-19
E2: SỔ THEO DÕI THÔNG SỐ VẬN HÀNH ĐIỀU KHIỂN TRUNG TÂM CDQ1 | R2: Ngày hiệu lực: 10/10/2023
R4: Ngày ……tháng…..năm ….
A5: Vị trí đo/ Thời gian | C5: Kí hiệu | D5: 0.33333333 | E5: 0.375 | F5: 0.41666667 | G5: 0.45833333 | H5: 0.5 | I5: 0.54166667 | J5: 0.58333333 | K5: 0.625 | L5: 0.66666667 | M5: 0.70833333 | N5: 0.75 | O5: 0.79166667 | P5: 0.83333333 | Q5: 0.875 | R5: 0.91666667 | S5: 0.95833333 | T5: 0 | U5: 0.041666667 | V5: 0.083333333 | W5: 0.125 | X5: 0.16666667 | Y5: 0.20833333 | Z5: 0.25 | AA5: 0.29166667
A6: Quạt tuần hoàn | B6: Độ rung gối đỡ trước 2VT-14101A (mm/s) | C6: QGTH1_RUNGGOITRUOC | D6: 1 | E6: 1 | AA6: 1
B7: Độ rung gối đỡ sau 2VT-14102A (mm/s) | C7: QGTH1_RUNGGOISAU
B8: Nhiệt độ gối đỡ trước 2TE-14114A（℃） | C8: QGTH1_NDGOIDOTRC
B9: Nhiệt độ gối đỡ sau 2TE-14114B（℃） | C9: QGTH1_NDGOIDOSAU
B10: Nhiệt độ vòng bi trước 2TE-14115A（℃） | C10: QGTH1_NDVBTRC
B11: Nhiệt độ vòng bi sau 2TE-14115B（℃） | C11: QGTH1_NDVBSAU
B12: Nhiệt độ cuộn dây U 2TE-14113A（℃） | C12: QGTH1_U
B13: Nhiệt độ cuộn dây V 2TE-14113B（℃） | C13: QGTH1_V
B14: Nhiệt độ cuộn dây W 2TE-14113C（℃） | C14: QGTH1_W
B15: Tốc độ động cơ (vòng/phút) | C15: CDQ1_TOCDOQUAT
B16: Dòng điện động cơ (A) | C16: QGTH1_DONGDIEN
B17: Nhiệt độ thiết bị đo mức radar 2TT-14118（℃） | C17: CDQ1_NDRADAR
B18: Áp suất khí nito cấp vào thiết bị đo mức điện dung LBL1 PIA-14110 (KPa) | C18: CDQ1_NITOLB1
B19: Áp suất khí nito cấp vào thiết bị đo mức điện dung LBL2 PIA-14111(KPa) | C19: CDQ1_NITOLB2
